Title,Poet,Year
Summer Apples,Cathryn Essinger,2016
Nothing But Good...,Sarah White,2015
Napalm,Quan Barry,2001
The New Church,Lucia Cherciu,2016
My Dog Practices Geometry,Cathryn Essinger,2002
vigil,Quan Barry,2001
loose strife [Somebody says draw a map],Quan Barry,2015
Burning Monk,Shin Yu Pai,2010
loose strife [Listen closely as I sing this],Quan Barry,2015
Model Minorities,Shin Yu Pai,2010
"loose strife [Say, when we woke those icy spring mornings]",Quan Barry,2015
"A Day Without an Immigrant, Dallas, Texas",Shin Yu Pai,2010
Craft [The first great poet],Quan Barry,2015
Someone once said we were put on this earth to witness and testify,Quan Barry,2015
crossing the South China Sea as analgesia,Quan Barry,2004
lion,Quan Barry,2011
Thanksgiving,Quan Barry,2011
Perihan,Sara Deniz Akant,2017
Keough Hall,Francisco Aragón,2017
Something Something Something Grand,Sandra Lim,2006
Pantoum,Sandra Lim,2006
Blister,Francisco Aragón,2008
Small Shame Blues,Dan Vera,2013
Your Voice,Francisco Aragón,2010
Just Disaster,Sandra Lim,2006
In My Little Room,Koon Woon,2013
Norse Saga,Dan Vera,2013
Lucky Duck,Sandra Lim,2006
Let the Chinese Mafia Sleep Tonight,Koon Woon,2013
Handsome Caudillos,Dan Vera,2013
Goldfish,Koon Woon,2013
"José Dominguez, the First Latino in Outer Space",Dan Vera,2013
Love Poem,Francisco Aragón,2010
How to Cook Rice,Koon Woon,2013
In Secret,Francisco Aragón,2010
Asleep You Become a Continent,Francisco Aragón,2010
ain't that easy,erica lewis,2017
Relationships,Jill Magi,2017
Midtown Triptych,Francisco Aragón,2010
[I would drive to your grave],Leslie Harrison,2017
Final Shirt,Marjorie Saiser,2016
An After Hour,Brenda Coultas,2017
Weren't We Beautiful,Marjorie Saiser,2018
[Wilt thou play with him as with a bird],Leslie Harrison,2017
Thanksgiving for Two,Marjorie Saiser,2014
[Stutter],Leslie Harrison,2017
The Print the Whales Make,Marjorie Saiser,2016
My Doggy Ate My Essay,Darren Sardelli,2026
Where They Lived,Marjorie Saiser,2006
The Letter A,Darren Sardelli,2016
[That],Leslie Harrison,2017
"Recess! Oh, Recess!",Darren Sardelli,2009
Our Grandma Kissed a Pumpkin,Darren Sardelli,2016
Fund Drive,Terri Kirby Erickson,2017
The Silliest Teacher in School,Darren Sardelli,2009
"My Cousin, Milton",Terri Kirby Erickson,2017
Little Boy Blue,Darren Sardelli,2006
Sponge Bath,Terri Kirby Erickson,2011
Hospital Parking Lot,Terri Kirby Erickson,2014
The Wall,Bruce Guernsey,2017
For My Wife Cutting My Hair,Bruce Guernsey,2011
Back Road,Bruce Guernsey,2012
Moss,Bruce Guernsey,1997
The Lady and the Tramp,Bruce Guernsey,2007
Yam,Bruce Guernsey,2008
What is Liberty?,Olivia Maciel,2005
"Night Moths, Vapor",Olivia Maciel,2005
Three Women,Olivia Maciel,2005
"Scintilla, Star",Jameson Fitzpatrick,2018
Morning Scene,Jameson Fitzpatrick,2014
Balcony Scene,Jameson Fitzpatrick,2014
Tenderness,Jameson Fitzpatrick,2014
Covering the Mirrors,Carol V. Davis,2017
Typhoni,Sy Hoahwah,2018
I Woke Up,Jameson Fitzpatrick,2017
Mockingbird II,Carol V. Davis,2008
Hillbilly Leviathan,Sy Hoahwah,2018
Animal Time,Carol V. Davis,2013
Remedy,Dag T. Straumsvåg,2017
Admiral Nimitz,Carol V. Davis,2016
Definitive Bright Morning,Sy Hoahwah,2018
"“I’m Stepping Up in Singing Sandals, No Use For”",Bridget Talone,2018
The People on the Bus,Stephanie Burt,2013
Poem,Claudia La Rocco,2018
Creation Myth,Lisa Wells,2018
Bad Newz,Stephanie Burt,2013
In Memory of the Rock Band Breaking Circus,Stephanie Burt,2013
I Make Promises Before I Dream,Tongo Eisen-Martin,2018
Butterfly with Parachute,Stephanie Burt,2013
Archery,Stephanie Burt,2019
In a Daydream of Being the Big House Missus,Justin Phillip Reed,2019
To Make Color,Ryler Dustin,2018
Growing Apples,Nancy Miller Gomez,2018
[sack for PICTS],Roberto Harrison,2006
The Ambassador of the Interior Has a Talking to With the Minister of the Cabinet of Vengeance,Stephanie Ellis Schlaifer,2019
Bakery of Lies,Judith Askew,2016
"[4,2]",Roberto Harrison,2006
[live chat],Roberto Harrison,2006
Ascension,John L. Stanizzi,2018
western rattle,Roberto Harrison,2006
Happiness,Richard Jarrette,2017
An Hispanic Identity Meaning Switches and False Twos,Roberto Harrison,2006
Cry To Me,John L. Stanizzi,2016
The View from There,Pauletta Hansel,2017
the name before the name before mine,Jay Besemer,2019
Husbands,Pauletta Hansel,2011
My Mother's Van,Faith Shearin,2018
Taking Turns,Jeanie Greensfelder,2017
Taste,Jessica Laser,2019
The Great San Bernardino Pitch Party,Callie Garnett,2019
Music at My Mother's Funeral,Faith Shearin,2013
Sixth Grade,Jeanie Greensfelder,2012
Possum in the Garbage,Faith Shearin,2015
15 Years of Paris,Katy Bohinc,2019
An Animal Unfit for Living Unmolested,Ginger Ko,2019
Sight,Faith Shearin,2015
Nerve,Geoffrey Hilsabeck,2019
His New Twin Daughters,Elise Hempel,2018
The Transfer,Elise Hempel,2013
The Jockey,Elise Hempel,2015
I Ask My Grandmother What Trinidad Was Like in 1960,Megan Arlett,2018
Driving Eye,Pimone Triplett,1998
Snapshots with Wide Apertures Shown on the Road,Pimone Triplett,1998
On Pattern,Pimone Triplett,1998
To Rosemounde: A Balade,Geoffrey Chaucer,1891
Piers Plowman: The Prologue,William Langland,1975
Long Marriage,Gerald Fleming,2005
Hinged Double Sonnet for the Luna Moths,Sean Nevin,2008
Cue Lazarus,Carl Marcum,2001
At the Bridal Shop,Joseph O. Legaspi,2007
Dropping Leaflets,Jena Osman,2004
Interstate Sonnet,Carl Marcum,2001
Feasting,Joseph O. Legaspi,2017
Dreaming Pancho Villa,Carl Marcum,2001
Watch Your Step,Leslie Bulion,2006
Contributions to a Rudimentary Concept of Nation,Omar Pérez,2007
The Metaphysical Countrygirl,Omar Pérez,2010
Brief Eden,Lois Beebe Hayna,2009
Congregations,Omar Pérez,2010
The Progression,Omar Pérez,2010
Dead Man,Kathleen Graber,2010
The Synthetic A Priori,Kathleen Graber,2010
Still Life,Roberto Tejada,2006
Book Nine,Kathleen Graber,2010
The Process of Explication,Dorothea Lasky,1998
Two Guardians,Roberto Tejada,2017
To Love as Aswang,Barbara Jane Reyes,2014
Dyspnea,Roberto Tejada,2006
Ars Poetica,Dorothea Lasky,1993
Pride Diary,Jenny Factor,2002
To Be Walang Hiya,Barbara Jane Reyes,2014
Itinerary,Roberto Tejada,2006
Genesis: The Resilient Colors,Roberto Tejada,2006
Spitwads,Michael McFee,2005
[When from my counted days],Roberto Tejada,2010
Saltine,Michael McFee,2012
[When I stop to consider my calling],Roberto Tejada,2010
ode to coffee              oda al café,Urayoán Noel,2016
Love Poem,Dorothea Lasky,2018
[There is someone who knows],Roberto Tejada,2010
Ovation,Michael McFee,2010
Valentine's Afternoon,Michael McFee,2002
I am,Ava Schicke,2011
"Brad Pitt, Kevin Bacon, and the Brown Boy’﻿s Mother",Ronaldo V. Wilson,2008
The Birth,Dorothea Lasky,2015
"Millennium, Six Songs",Marilyn Chin,2002
Uniforms,Barbara Schmitz,2009
The ghost,Dorothea Lasky,2017
Horse Horse Hyphen Hyphen,Marilyn Chin,2002
"Book 1, Epigram 5: Ad lectorem de subjecto operis sui.",Thomas Bastard,1780
Monsters,Dorothea Lasky,2007
Formosan Elegy,Marilyn Chin,2014
"Book 1, Epigram 34: Ad. Thomam Freake armig. de veris adventu.   ﻿",Thomas Bastard,1780
Lilac Field,Dorothea Lasky,2014
Twenty Five Haiku,Marilyn Chin,2014
"Book 1, Epigram 39: Ad librum suum.   ﻿",Thomas Bastard,1780
The End,Dorothea Lasky,2014
Get Rid of the X,Marilyn Chin,2002
"Book 2, Epigram 4: Ad Henricum Wottonum.   ﻿",Thomas Bastard,1780
Gruel,Marilyn Chin,2009
"Book 2, Epigram 8",Thomas Bastard,1780
Potato Soup,Daniel Nyikos,2010
From “Beautiful Boyfriend”,Marilyn Chin,2012
"Book 2, Epigram 21: In Momum.  ﻿",Thomas Bastard,1780
Brown Girl Manifesto (Too),Marilyn Chin,2014
"Book 2, Epigram 22",Thomas Bastard,1780
Wayfaring,Micah Ballard,2011
"Book 2, Epigram 40: De libro suo.  ﻿",Thomas Bastard,1780
First Rites,Micah Ballard,2011
"Book 3, Epigram 36",Thomas Bastard,1780
A Few Miles Off,Micah Ballard,2011
Crossing Shoal Creek,J. T. Ledbetter,2010
"Book 5, Epigram 20: In Misum & Mopsam.",Thomas Bastard,1780
Just Sepia,Micah Ballard,2011
Elegy for Blue,J. T. Ledbetter,2012
"Book 6, Epigram 7: In prophanationem nominis Dei. ﻿",Thomas Bastard,1780
"Book 6, Epigram 14: De Piscatione.  ﻿",Thomas Bastard,1780
"Book 6, Epigram 17: In Sextum.  ﻿",Thomas Bastard,1780
Mean,Colette Labouff Atkinson,2008
American Incognito,David Gewanter,2009
Hart Crane Slept Here,Colette Labouff Atkinson,2008
"Book 6, Epigram 30",Thomas Bastard,1780
Möbius,David Gewanter,2009
"""Perhaps this verse would please you better—Sue—(2)""",Colette Labouff Atkinson,2008
"Book 7, Epigram 9: De senectute & iuuentute. ﻿",Thomas Bastard,1780
"Book 7, Epigram 36: De puero balbutiente.  ﻿",Thomas Bastard,1780
"Book 7, Epigram 42",Thomas Bastard,1780
Of What is Real,Richard Tagett,2011
"Book 7, Epigram 47: De Hominis Ortu & Sepultura.  ﻿",Thomas Bastard,1780
Rivus,Richard Tagett,2011
"Book 4, Epigram 7: ""Our fathers did but use the world before""",Thomas Bastard,1780
Triptych for Believers,Richard Tagett,2011
[I was passionate],Lal Ded,1994
[O my Lord],Rabi'a,1994
"[Ladies, who of my lord would fain be told]",Gaspara Stampa,1780
Moment,Carol L. Gloor,2010
[Deeply repentant of my sinful ways],Gaspara Stampa,1780
Psalm 84,Mary Sidney Herbert Countess of Pembroke,1780
Psalm 102,Mary Sidney Herbert Countess of Pembroke,1780
Psalm 150,Mary Sidney Herbert Countess of Pembroke,1780
"""Leave me, O Love, which reachest but to dust""",Sir Philip Sidney,2017
Taos,Jillena Rose,2011
Red Balloon Rising,Laurel Blossom,2011
Isaac’s Blessing,Janet Eigner,2009
Coming of the August Grandchild,Brandon Shimoda,2011
Isaac's Blessing,Janet Eigner,2009
The Pond Museum,Brandon Shimoda,2011
Chiller Pansies,Debra Wierenga,2011
[We are the knife people . . .],John Spaulding,1989
School,Daniel J. Langton,2011
Before Anything Happened the House Had No Skeleton,Karyna McGlynn,1994
A Red Tricycle in the Belly of the Pool,Karyna McGlynn,1994
I Have to Go Back to 1994 and Kill a Girl,Karyna McGlynn,1994
Harvest of Death,John Spaulding,2004
"Koi Pond, Oakland Museum",Susan Kolodny,2011
The Grand Army of the Republic,John Spaulding,2004
"Timothy O’Sullivan, Photographer",John Spaulding,2004
A Little Shiver,Barton Sutter,2012
#14 from The Poems of Gaius Valerius Catullus,Brandon Brown,2011
The White Train,John Spaulding,2004
Sledding in Wichita,Casey Pycior,2011
Sober Song,Barton Sutter,2004
#104 from The Poems of Gaius Valerius Catullus,Brandon Brown,2011
I Love Your Crazy Bones,Barton Sutter,1977
Robinson Walks Museum Mile,Kathleen Rooney,2012
Playing to the River,Jeff Daniel Marion,2012
Fifty-Fifty,Patricia Clark,2004
"School photo, found after the Joplin tornado",Laura Dimmit,2012
Reunion,Jeff Daniel Marion,1994
Robinson Escapes to the Cape for Independence Day,Kathleen Rooney,2012
Robinson’s Telephone Rings,Kathleen Rooney,2012
Labor Day,Joseph Millar,2012
Grubbing,Gabriel Spera,2012
Le Tombeau des Lutteurs,Kathleen Rooney,2017
In a Field Outside the Town,Gabriel Spera,1999
A Grandfather,Marie Thurmer,2012
Little Parka,Debra Nystrom,2009
Restless After School,Debra Nystrom,2016
Thought Experiment: Twin Earth and the Glass of Water*,Anna Moschovakis,2006
Bottled Water,Kim Dower,2012
"Names Disappearing, Dakota",Debra Nystrom,2016
Thought Experiment: Mary in the Black-and-White Room*,Anna Moschovakis,2006
What We Believed,Debra Nystrom,2016
[The challenge: to start],Anna Moschovakis,2011
Untitled,Jonathan Greene,2001
Ablution,Amy Fleury,2013
A Knock,Debra Nystrom,2016
[We wonder at our shifting capacities . . .],Anna Moschovakis,2011
One Light to Another,Jonathan Greene,2013
First Morel,Amy Fleury,2013
The Door,Debra Nystrom,2016
Offerings,Debra Nystrom,2016
The Lath House,Frank Osen,2013
Cliff Swallows-Missouri Breaks,Debra Nystrom,2004
September Tomatoes,Karina Borowicz,2013
Essay,Stephanie Young,2013
Apple Blossoms,Susan Kelly-DeWitt,2001
Black Swan,Stephanie Young,2013
Kingdom of Dirt,Cynthia Cruz,2012
Reading Saint John of the Cross,Susan Kelly-DeWitt,2010
Family Dinner,Priscilla Lee,2000
Self Portrait,Cynthia Cruz,2012
Beneath the Surface,Priscilla Lee,2000
Fatigue Empire,Cynthia Cruz,2016
"[Dear Angry Mob,]",Joshua Beckman,2009
Psalm 23,Robert Alter,2007
China,Priscilla Lee,2000
The Hinge,Cynthia Cruz,2016
[It was as if her love had become],Joshua Beckman,2009
"Sparks, Nevada",Cynthia Cruz,2014
[Dark mornings shown thy mask],Joshua Beckman,2009
Dear Gaybashers,Jill McDonough,2012
Deconstructing New England,Alexandria Peary,2014
Twelve in Yellow-Weed at the Edge,Cynthia Cruz,2014
Silver streamers dazzling winter,Joshua Beckman,2013
Husky Boys' Dickies,Jill McDonough,2012
A Strip of Woods at the Back of the Mind,Alexandria Peary,2014
Midnight Office,Cynthia Cruz,2015
[Ocean which I pushed up],Joshua Beckman,2013
Preface,Jill McDonough,2012
The Logic of Spring,Alexandria Peary,2011
[Lying in bed I think about you],Joshua Beckman,2006
Three a.m.,Jill McDonough,2012
The Architecture of a Love Poem,Alexandria Peary,2008
We're Human Beings,Jill McDonough,2012
The Donkey,G. K. Chesterton,1927
Rummage Sale,Jennifer Maier,2013
Women's Prison Every Week,Jill McDonough,2012
Cyclopean,G. K. Chesterton,1927
City Lights,Mary Avidano,2013
Golden Gate Hank,Jill McDonough,2012
The Ballad of God-Makers,G. K. Chesterton,1927
December,Roger Pfingston,2013
"Accident, Mass. Ave.",Jill McDonough,2012
For a War Memorial,G. K. Chesterton,1922
Insha’Allah,Danusha Laméris,2014
This is Your Chance,Jill McDonough,2012
The Convert,G. K. Chesterton,1927
Pelican,Barbara Ellen Sorensen,2013
Lepanto,G. K. Chesterton,1927
Yellowjackets,Karen J. Weyant,2013
Modern Elfland,G. K. Chesterton,1927
The Couple Next Door,Suji Kwock Kim,2003
O New York!,Mong-Lan,2005
"Montage with Neon, Bok Choi, Gasoline, Lovers & Strangers",Suji Kwock Kim,2003
North of Boston,Maggie Dietz,2006
Only This Life,Mong-Lan,2005
Rice-Field Road at Dusk,Suji Kwock Kim,2014
"The Muse, or Stars Out on Interstate 81 South",Jon Pineda,2004
Why I Don’t Piss in the Ocean,Maggie Dietz,2006
Elegy,Mong-Lan,2005
Translation,Jon Pineda,2004
"The Yellow House, 1978",Maggie Dietz,2006
Seasonal,Maggie Dietz,2006
Zoloft,Maggie Dietz,2016
Where the Wound Lies,Angela de Hoyos,1985
Delivery,Maggie Dietz,2016
Love Song,Maggie Dietz,2016
The Only Mexican,David Tomas Martinez,2014
November,Maggie Dietz,2016
Us vs Them,David Tomas Martinez,2015
Pluto,Maggie Dietz,2016
Consider Oedipus’s Father,David Tomas Martinez,2015
Lullaby,Maggie Dietz,2016
"My Father Sings, to My Embarrassment",Sandra M. Castillo,2002
This Is a Shout Out (For the Tenants of the Red Little Building on Ocean Avenue),Amber Atiya,2015
Man Roulette,Brian Blanchfield,2014
Shift,Jamaal May,2015
Eclogue in Line to View The Clock by Christian Marclay,Brian Blanchfield,2014
Castro Moves Into the Havana Hilton,Sandra M. Castillo,2002
Hum for the Bolt,Jamaal May,2013
"Christmas, 1970",Sandra M. Castillo,2002
"The History of Ideas, 1973-2012: Authority",Brian Blanchfield,2014
There Are Birds Here,Jamaal May,2014
Exiting the Night,D. R. Goodman,2014
Harina de Castilla,Sandra M. Castillo,2002
Per Fumum,Jamaal May,2014
Respiration,Jamaal May,2016
[I want to be near you],Oli Hazzard,2015
The Guitar,Patrick Phillips,2015
"Obedience, or the Lying Tale",Jennifer Chang,2008
Water Devil,Jamaal May,2016
Matinee,Patrick Phillips,2006
Conversation with Slugs and Sarah,Jennifer Chang,2011
Piano,Patrick Phillips,2008
A Horse Named Never,Jennifer Chang,2015
Adult Acne,Elaine Kahn,2015
Solitary Vice,Valerie Wetlaufer,2014
Pastoral,Jennifer Chang,2008
A Voluptuous Dream During an Eclipse,Elaine Kahn,2015
Conjugal Elegy,Valerie Wetlaufer,2014
Genealogy,Jennifer Chang,2008
Watching It Happen,Elaine Kahn,2015
I Gave You My—,Valerie Wetlaufer,2014
This Corner of the Western World,Jennifer Chang,2008
Full Immersion,Valerie Wetlaufer,2014
Dangerous Electric,Janet McNally,2015
He Laughed with a Laugh,JonArno Lawson,2006
I Once Was a Child,Victoria Chang,2013
Maggie Says There's No Such Thing as Winter,Janet McNally,2015
Edward Hopper's Office at Night,Victoria Chang,2013
The Wicked One Goes to the Makeup Counter,Janet McNally,2015
Obit,Victoria Chang,2018
On Parting,Cate Marvin,2001
Mr. Darcy,Victoria Chang,2015
Landscape Without You,Cate Marvin,2001
Consider Lu Chang,Francine Sterle,2015
Anathema,Cate Marvin,2001
[rain frog      thorn bug      tent bat],Francine Sterle,2015
The Pet,Cate Marvin,2007
Shame Helps,Terese Svoboda,2018
[how much of the map],Francine Sterle,2015
After the Last Fright,Cate Marvin,2007
Ronnie's,Nick Norwood,2015
Thanatos Machine,Terese Svoboda,2011
A Brief Attachment,Cate Marvin,2007
Glass of Water Encounter,Terese Svoboda,2009
Expat,Andrew Shields,2015
"Flowers, Always",Cate Marvin,2007
The Man Who Gave Birth to a Panda,Idra Novey,2016
Sundowning,Andrew Shields,2015
Dead Girl Gang Bang,Cate Marvin,2015
The Visitor,Idra Novey,2012
Happening,Andrew Shields,2015
Muckraker,Cate Marvin,2007
Maine Coast,Lillian-Yvonne Bertram,2016
The Duck Shit at Clarion Creek,Idra Novey,2014
Your Mileage May Vary,Andrew Shields,2015
On Returning to My Hometown in 2035,Idra Novey,2014
What I Want to Do Most of the Time,Jo'lene Dailey,2014
A Rainbow Sign,Ben Estes,2015
The Robin Makes a Laughing Sound,Sallie Wolf,2010
Will Lunch Be Offered As An Optional Extra?,Ben Estes,2026
Eating Words,Katherine Hauth,2011
Great Horned Owl,Sallie Wolf,2010
No Title,Ben Estes,2015
Mosquitoes,Katherine Hauth,2011
The Birth of Superstition,Lynn Pedersen,2016
How to Move Away,Lynn Pedersen,2016
Being Muslim,Hayan Charara,2016
A Brief History of the Passenger Pigeon,Lynn Pedersen,2016
"""American Football""",Richard Katrovas,2016
Valentine,Donald Britton,2016
Animals,Hayan Charara,2016
At Forty,Lynn Pedersen,2016
"The Sky Is Clear, But It's Raining",Donald Britton,2016
You,Hayan Charara,2016
Prayer for the Living,Hayan Charara,2016
Elevators I,Donald Britton,2016
Love Poem for an Enemy,Richard Katrovas,2001
All the Questions,Robert Tremmel,2015
Mother and Daughter,Hayan Charara,2016
Italy,Donald Britton,2016
A Story,Hayan Charara,2016
Thaw,Michael Lauchlan,2014
Usage,Hayan Charara,2016
Dworzec,Emily Pérez,2017
For the Love of Avocados,Diane Lockward,2016
Nothing Happened in 1999,Hayan Charara,2017
"""Love my enemies, enemy my love""",Rebecca Seiferle,2007
Wild Tongue,Rebecca Seiferle,2007
Harold & the Purple Crayon,D. Gilson,2017
"Ghost, Fountain",Elise Paschen,2017
Chastened Brown,Bettina M. Walker,2017
That Domestic Animal,Rebecca Seiferle,2007
The Tree Agreement,Elise Paschen,2016
Why I Am Glad That You Call Me Wicked,Rebecca Seiferle,2007
Estevanico,Jeffrey Yang,2017
White of snow or white of page is not,Rebecca Seiferle,2007
Coolie,Rajiv Mohabir,2017
Wi’-gi-e,Elise Paschen,2009
Hanuman Puja,Rajiv Mohabir,2019
Muse of Translation,Rebecca Seiferle,2007
Under the Dome,Elise Paschen,2009
For the Nefarious,Mai Der Vang,2017
Mother of People without Script,Mai Der Vang,2017
In the Kitchen,Chen Jun,2017
The Messenger,Mario Meléndez,2017
Sunshower,Natalie Shapero,2017
Man at His Bath,Natalie Shapero,2018
Summer,Chen Jun,2017
Against Translation,Alan R. Shapiro,2017
"Other Things, If Not More Urgent Things",Natalie Shapero,2018
The Courtesy,Alan R. Shapiro,1974
“Where did the handsome beloved go?”,Jalal al-Din Rumi,2017
And Also with You,Natalie Shapero,2018
Astronomy Lesson,Alan R. Shapiro,1974
Your Other Heart,Natalie Shapero,2012
Everybody Believes They Are the Good Guy,Cynthia Arrieu-King,2017
Happy Hour,Alan R. Shapiro,1974
Thirty Going,Natalie Shapero,2013
Between Assassinations,Alan R. Shapiro,1974
Face Blindness,Cynthia Arrieu-King,2017
There’s a Limbo Moon Above,Beth Bachmann,2017
In the Kingdom of Pleasure,Alan R. Shapiro,1991
You Look Like I Feel,Natalie Shapero,2013
On Beauty,Beth Bachmann,2019
Covenant,Alan R. Shapiro,1991
Not Horses,Natalie Shapero,2013
spirit animal,Beth Bachmann,2016
"What pleasure a question,",Angie Macri,2017
Joy,Alan R. Shapiro,2002
The Last Scene,Alan R. Shapiro,2002
Song and Dance,Alan R. Shapiro,2002
Gas Station Rest Room,Alan R. Shapiro,2008
24/7,Alan R. Shapiro,2008
Sickbed,Alan R. Shapiro,2010
Flowerpot,Alan R. Shapiro,2010
Manufacturing,Alan R. Shapiro,1974
Rock Pool,Alan R. Shapiro,1991
Scree,Alan R. Shapiro,2000
Natural Selection,Alan R. Shapiro,1998
Stockholm Syndrome,Igor Klikovac,2017
Subject and Object,Nyla Matuk,2017
Local News: Woman Dies in Chimney,Kristen Tracy,2017
On the General Being of Lostness,Jeff Latosik,2017
Vampires Today,Kristen Tracy,2017
The Book of Mycah,Joshua Bennett,2018
The Ground,Mario Chard,2018
CXIV,Sonnet L'Abbé,2017
A Symmetry,Ari Banias,2018
drift,Kerrin P. Sharpe,2018
The truth about Palmerston North,Tim Upperton,2018
How I Get Ready,Ashleigh Young,2018
Fountain,Ari Banias,2018
Y2K,Therese Lloyd,2018
Someone Asks Me to Consider Time,Carla Panciera,2018
From “R E D”,Chase Berggrun,2018
"And Standing before Those Canvases, He Said, I Would Feel This Tingling",Carla Panciera,2018
From “Fictive ...”,Aja Couchois Duncan,2018
It Is Out Of Focus,Joel Lipman,2011
Civitas,Mia Kang,2018
Be yond,Joel Lipman,2011
Senhal’s complaint,Rebecca Ariel Porte,2018
on this day / or any other,Mia Kang,2019
On World-Making,Nomi Stone,2018
from “Origins of Poetry”,Joel Lipman,2008
La Ghriba (“The Stranger”) Tells How and Why,Nomi Stone,2008
"My Husband, Lost in the Wild",Jayme Ringleb,2018
Many Scientists Convert to Islam,Nomi Stone,2008
Love Poem So Tall It Ends in Heaven,Jayme Ringleb,2019
Zugzwang,Claudine Toutoungi,2019
Where Are the Days of Tobias,Sarah Gridley,2018
Us and Them,Nomi Stone,2008
From Her Notes,Nomi Stone,2008
"Difference, Difference",Christine Gosnay,2018
Les Sangliers,Gregory Maguire,2018
The Tooth,Heather Christle,2018
Listening to Townes Van Zandt,Christine Gosnay,2015
Counsel,Gregory Maguire,2018
"The Eavesdropper, or What I Thought I Heard My Mother Talking About on the Phone, in Another Room, Thirty-Six Years Ago",Laura Kasischke,2018
Summer,Heather Christle,2013
Strangers,Christine Gosnay,2017
In this order,Laura Kasischke,2011
Pursuits,Heather Christle,2013
Mushrooms,Laura Kasischke,2011
I Can’t Swim,Heather Christle,2013
From “Titan / All Is Still”,Toby Martinez de las Rivas,2018
My Therapist Wants to Know about My Relationship to Work,Tiana Clark,2018
Rondeau,Laura Kasischke,2011
"Triptych for the Disused Nonconformist Chapel, Wildhern",Toby Martinez de las Rivas,2014
You’ve Come Back to Me,Laura Kasischke,2012
From “Under the Knife”,Krista Franklin,2018
The Second Death,Laura Kasischke,2012
Have Several Seats,Amir Khadar,2018
"Manifesto, or Ars Poetica #2",Krista Franklin,2015
Like Judith Slaying Holofernes,Paul Tran,2018
Recall the Carousel,Laura Kasischke,2014
3 AM,Amir Khadar,2018
"The Nightmare: Oil on Canvas, Henry Fuseli, 1781",Paul Tran,2018
"Hospital parking lot, April",Laura Kasischke,2008
Still Mad ’Bout It,Amir Khadar,2018
Lychee Express,Adrienne Su,2019
After Ken Burns,Laura Kasischke,2008
The Invention of the Interstate System,Mira Rosenthal,2019
son/daughter,Kai Conradi,2019
Escape from the Old Country,Adrienne Su,2006
Dream Ending in a Host of Angels Zipping Me into My Grandmother’s Dress,Brad Trumpfheller,2019
China III,Adrienne Su,2006
From “Reconstructions”,Brad Trumpfheller,2019
Resistance,Traci Brimhall,2019
Adolescence,Adrienne Su,2006
"Tomorrow, No, Tomorrower",Brad Trumpfheller,2019
Better to Marry Than to Burn,Traci Brimhall,2014
Things Chinese,Adrienne Su,2006
Study of Two Figures (Pasiphaë/Sado),Monica Youn,2019
The Rule of Three,Kathy Fagan,2019
Blackacre,Monica Youn,2015
The Trans Haggadah Companion,Bev Yockelson,2019
Sisyphus and the Ants,Jennifer S. Flescher,2019
"Venice, Unaccompanied",Monica Youn,2003
Traumarama!,Bev Yockelson,2019
Ignatz Invoked,Monica Youn,2010
I Haven’t Masturbated in Five Days for Fear of Crying,Eloisa Amezcua,2019
Ersatz Ignatz,Monica Youn,2010
Afterword,Desirée Alvarez,2019
X as a Function of Distance from Ignatz,Monica Youn,2010
Fire-Taking,Desirée Alvarez,2019
From “Celestial House”,Victoria Martinez,2019
Ignatz Domesticus,Monica Youn,2010
washee/was she,Sahar Muradi,2019
"“Prieto, Prieta”",Desirée Alvarez,2019
Drawing for Absolute Beginners,Monica Youn,2003
"“Un Tintero,” Inkwell",Desirée Alvarez,2019
geography test,Saaro Umar,2019
A Parking Lot in West Houston,Monica Youn,2003
The Order In Which Things Are Broken,Desirée Alvarez,2009
an introduction,Sheena Raza Faisal,2019
103 Korean Martyrs,Monica Youn,2003
Cutting Odette’s Fingernails,Bianca Stone,2019
Once I Had an Acceptance Speech,Anthony Anaxagorou,2019
Marcus Aurelius,Bianca Stone,2019
Noon,Bianca Stone,2015
Losing It,Bianca Stone,2015
Three Fates,Bianca Stone,2015
Rose and Necklace,Bianca Stone,2015
From “Moon Sonnet”,Lily Zhou,2019
Fort Comfort,T.J. Jarrett,2019
Ladders,Richard Garcia,2019
Eelish,Paula Bohince,2019
Capriccio of the Imaginary Prison,Richard Garcia,2017
Alternatives,T.J. Jarrett,2019
A Brief History of the Cocktail,Paula Bohince,2019
Study for Belief with Lines from “Star Trek: The Original Series”,Dayna Patterson,2019
At the Repast,T.J. Jarrett,2014
Autumn,Richard Garcia,2006
The Gentle Art of Shabby Dressing,Spencer Short,2019
Diorama (woman on a cameo brooch),Catie Rosemurgy,2019
Across the Street,Austin Segrest,2019
My partner wants me to write them a poem about Sheryl Crow,Kayleb Rae Candrilli,2019
Neighbor: Miss Peach’s Body Didn’t Turn Out Right,Catie Rosemurgy,2010
Winter in Gold River,Catie Rosemurgy,2010
Object Permanence,Melian Radu,2019
Miss Peach: The College Years,Catie Rosemurgy,2010
Why Poetry Cannot Be Skimmed,Jessica Jopp,2011
Petition,Andrea Cohen,2011
"Brother, I’ve seen some",Kabir,2011
En Eski Aşk Şiiri,Jessica Jopp,2011
Ovid in America,Averill Curdy,2011
How do you,Kabir,2011
To the Young Man on the Bridge,Jessica Jopp,2011
Probation,Averill Curdy,2005
Asylum,Sasha Dugdale,2011
To tonsured monks and dreadlocked Rastas,Kabir,2011
Hardware,Averill Curdy,2009
Dawn Chorus,Sasha Dugdale,2011
His death in Benares,Kabir,2011
from Quarantine,Malachi Black,2011
Ten Moons,Sasha Dugdale,2008
To the voice of the retired warden of Huntsville Prison  (Texas death chamber),Averill Curdy,2009
Drifting at Midday,Malachi Black,2009
Chewing slowly,Kabir,2011
Song & Error,Averill Curdy,2009
Insomnia & So On,Malachi Black,2009
Plucking your eyebrows,Kabir,2011
Last Simile,Abid B Al-Abras,2011
Chimera,Averill Curdy,2010
I won’t come,Kabir,2011
Sparrow Trapped in the Airport,Averill Curdy,2005
Lament,Labid,2011
The Road to Emmaus,Spencer Reece,2011
Monaco,Spencer Reece,2008
Grendel’s Mother,Heidy Steidlmayer,2011
Dare,Nate Klug,2012
At Thomas Merton’s Grave,Spencer Reece,2009
Scree,Heidy Steidlmayer,2007
Wisconsin,Nate Klug,2012
Sunflowers,José Antonio Rodríguez,2012
ICU,Spencer Reece,2010
Work,Nate Klug,2012
Fowling Piece,Heidy Steidlmayer,2008
Arrival,Heidy Steidlmayer,2008
Margaret,Spencer Reece,2010
Milton’s God,Nate Klug,2013
After Quevedo,John Matthias,2012
The X-Ray,Heidy Steidlmayer,2008
"After “Las Formas Puras,” After Lorca",John Matthias,2012
Squirrels,Nate Klug,2013
Observer,Nate Klug,2013
The Nut Garden,Yosef Gikatilla,2012
Kalden's Story,Nate Klug,2007
Bad Sheep,Hailey Leithauser,2012
Hymn for the Third Meal,Yitzhak Luria,2012
Advent,Nate Klug,2009
Triolet with Pachyderm,Hailey Leithauser,2014
A Magnetic Personality,Jason Guriel,2012
The Choice,Nate Klug,2010
Albino,Hailey Leithauser,2014
John Hancock’s John Hancock,Jason Guriel,2012
"Reunion: J-School, Class of 19--",Beverley Bie Brahic,2012
Conjugation,Nate Klug,2010
Arrhythmia,Hailey Leithauser,2015
Less,Jason Guriel,2007
The Vision of Saint Augustine,Beverley Bie Brahic,2001
Parade,Nate Klug,2010
“Was you ever bit by a dead bee?”,Hailey Leithauser,2009
Lacemakers,Beverley Bie Brahic,2001
Money Is Also a Kind of Music,Jason Guriel,2007
"O, She Says",Hailey Leithauser,2009
Alchemy,Jason Guriel,2008
Delirium,Hailey Leithauser,2009
Turkey Fallen Dead from Tree,Dore Kiesselbach,2012
I Had Just Hung Up from Talking to You,Jessica Greenbaum,2012
Fever,Hailey Leithauser,2009
Aubade,Dore Kiesselbach,2008
From “Critical Opalescence and the Blueness of the Sky”,John De Stefano,2012
A Poem for S.,Jessica Greenbaum,2012
Frostbite,Hailey Leithauser,2009
For You Today,Jessica Greenbaum,2012
0,Hailey Leithauser,2003
Light chaff and falling leaves or a pair of feathers,Gail Wronsky,2012
I Love You More Than All the Windows in New York City,Jessica Greenbaum,2012
Three Poems from “A Manual for Living”,Sharon Dolin,2012
The Storm-struck Tree,Jessica Greenbaum,2013
Strange Little Prophets,Barbara Perez,2013
The Gargantuan Muffin Beauty Contest,Julian Stannard,2013
For a Traveler,Jessica Greenbaum,2014
Napoli,Julian Stannard,2014
Rehearsal,Sara Peters,2013
On the Bus Someday,Jessica Greenbaum,2014
Burlington Arcade,Julian Stannard,2014
The Last Time I Slept in This Bed,Sara Peters,2013
Girl-Watching,Dan Brown,2013
Green Permanent,Jessica Greenbaum,2015
Donut,Julian Stannard,2015
Judo,Dan Brown,2013
Why I Never Applied Myself to Pool,Dan Brown,2013
Aria,David Barber,2013
Nose Job,Dan Brown,2013
Houston in the Early Eighties,Jessica Greenbaum,2009
Big Country,Michael Robbins,2013
Corn Maze,David Barber,2013
That’s Incredible!,Michael Robbins,2013
Lacrimarium,David Barber,2013
Muscadine,Mary Moore Easter,2013
Bye-bye,Derek Sheffield,2013
Mama Said ...,Mary Moore Easter,2013
A Good Fish,Derek Sheffield,2008
An Old One Walks,Gowann,2013
To Do,Derek Sheffield,2009
Sweet Virginia,Michael Robbins,2014
The World’s Other Side,Derek Sheffield,2010
Trust,Liz Waldner,2013
Nature Boy,Tomás Q. Morín,2013
Not Fade Away,Michael Robbins,2014
Photo (Op/tative) Synthesis,Liz Waldner,2008
Love Train,Tomás Q. Morín,2013
Semblance: Screens,Liz Waldner,2009
I Want to be Stark[like],Leah Umansky,2014
Goosestep,Tomás Q. Morín,2013
Khaleesi Says,Leah Umansky,2014
Stanza,Tomás Q. Morín,2013
Follow,Leah Umansky,2014
Salad Days,Tomás Q. Morín,2015
Homer,Troy Jollimore,2014
The Unique Thoughts of Otherhood,Sina Queyras,2014
The Ambassadors — Part 5,Leah Umansky,2016
The Solipsist,Troy Jollimore,2008
Sylvia Plath’s Elegy for Sylvia Plath,Sina Queyras,2014
From “The Sonnagrams”,K. Silem Mohammad,2014
The Couriers,Sina Queyras,2015
Poems About Trees,K. Silem Mohammad,2009
Cut,Sina Queyras,2015
A Memorable Fancy,Sina Queyras,2009
Endless Inter-States,Sina Queyras,2009
Acceptable Dissociations,Sina Queyras,2009
The Grey Hills of Oxford,Sina Queyras,2009
Mrs. God,Joshua Corey,2014
Flying Lesson,Dolores Hayden,2014
Holding Court,Jacob Saenz,2014
ICE Agents Storm My Porch,Maria Melendez Kelson,2014
Exuberance,Dolores Hayden,2014
Animals,Joshua Corey,2014
Forged,Jacob Saenz,2014
Good Friday,Maria Melendez Kelson,2014
Sweeping the States,Jacob Saenz,2007
Evolution of My Block,Jacob Saenz,2010
Gilding the Lily,Lisa Ampleman,2014
From “YOU DA ONE”,Jennifer Tamayo,2014
Weaving Granite,Maria Melendez Kelson,2016
"Victory, WI",Lisa Ampleman,2014
A Chingona Plays Miss Dinah Brand,Maria Melendez Kelson,2016
Seeking Even the Smallest of Signs,Susan Barba,2014
Gerard Manley Hopkins,Leontia Flynn,2014
MiG-21 Raids at Shegontola,Mir Mahfuz Ali,2014
"Eschatology, Piscatology",James Brookes,2014
"The South Transept Window, St. Lucia at Lowhampton",Martin Monahan,2014
The Wind,Dafydd ap Gwilym,2014
From “Ithaca”,Grigori Dashevsky,2014
The Track Racer,Knar Gavin,2014
"Statocyst underfoot and we, returning:",Knar Gavin,2014
Taurus Teez,Rob Schlegel,2014
Apples,Peter Heller,2015
Strindberg Gray,Knar Gavin,2014
The Wine,Michael Metivier,2015
Rocksteady in Dimension X,Bridget Lowe,2015
KERN 2,derek beaulieu,2015
stop bath,Kirby Knowlton,2015
Bullheads,Michael Metivier,2015
Revival,Bridget Lowe,2015
untitled (for Natalee and Jeremy),derek beaulieu,2008
Advection Blues,Michael Metivier,2015
viewfinder,Kirby Knowlton,2015
When I Spoke,Alex-Quan Pham,2015
Sea Salt,Marla Miniano,2015
Memento,Lily Cao,2015
Three Poems for My Husband,Leanne O'Sullivan,2015
While Bleeding,Doireann Ní Ghríofa,2015
The Preacher’s Daughter,Victoria Kennefick,2015
Paris Syndrome,Victoria Kennefick,2015
An Instance of an Island,Patrick Rosal,2015
The Angelfish Greet Odysseus,Eisder Mosquera,2015
Optical Unconscious (2),Alan Ramón Clinton,2015
Walking El Pulguero,Eisder Mosquera,2017
Optical Unconscious (1),Alan Ramón Clinton,2015
"Equator Sky, Manila Bay",Joanne Diaz,2015
Pigeonnier,Graham Mort,2015
Psychomachia,Joanne Diaz,2015
Did It Ever Occur to You That Maybe You’re Falling in Love?,Ailish Hopper,2016
"An eater, or swallowhole, is a reach of stream",Jan Beatty,2016
Umpaowastewin,Margaret Noodin,2016
Stricken,Jan Beatty,2016
Lullaby in Fracktown,Lilace Mellin Guignard,2016
Asylum,Jan Beatty,2016
Now I Pray,Kathy Engel,2016
My Father Teaches Me to Dream,Jan Beatty,2002
Prairie Burning,Rachael Allen,2016
Tasting Braille,Kathi Wolfe,2016
Olympic Drive,Kyle Dargan,2016
"Upon Reading That Eric Dolphy Transcribed Even the Calls of Certain Species of Birds,",John Murillo,2016
Terrarium,Denise Bergman,2016
Orphan,Blas Falconer,2016
Soneto de Silueta,Kristin Naca,2016
Revolution,Blas Falconer,2016
Daylight Saving Time Flies Like an Instagram of a Weasel Riding a Woodpecker & You Feel Everything Will Be Alright,Regie Cabico,2016
Why Being “On Fire” Is for Everyone,Kristin Naca,2016
A Ride in the Rain,Blas Falconer,2007
Fragments,Howard Altmann,2009
Wanderlust,Valerie Duff,2017
Gravestones,Asia Calcagno,2017
Old Woman in a Housecoat,Georgiana Cohen,2004
Grandfather,Andrei Guruianu,2003
The Ashes,Karin Gottshall,2004
Of Some Renown,Jean L. Connor,2001
The Wind Chimes,Shirley Buettner,1995
The Raspberry Room,Karin Gottshall,2007
The Bethlehem Nursing Home,Rodney Torreson,2002
On A Moonstruck Gravel Road,Rodney Torreson,2002
Midland Swimmer,John Reibetanz,1996
Glucose Self-Monitoring,Katy Giebenhain,2005
Ampersand,John Reibetanz,1996
A Chest of Angels,John Reibetanz,1996
An Offering,John Reibetanz,2000
Cool Pastoral on Bloor Street,John Reibetanz,2000
The Finger Puppets in the Attic Dollhouse,John Reibetanz,2000
A World of Light,John Reibetanz,2000
Daily Bread,John Reibetanz,2000
What Calls Us,David Bengtson,2003
To Play Pianissimo,Lola Haskins,2004
Grandmother Speaks of the Old Country,Lola Haskins,2004
Crawfordsville Confidential,G. E. Murray,2003
Geology,Robert King,2005
Four Themes on a Variation,G. E. Murray,1992
Sequels to an Uncollected Winter,G. E. Murray,1979
Louisiana Purchase,Charlie Smith,2000
Long Story Short,G. E. Murray,2003
Talking among Ourselves,Charlie Smith,1987
The Unsung Song of Harry Duffy,G. E. Murray,2003
Rider,Charlie Smith,1987
A Pot of Red Lentils,Peter Pereira,2003
The Squaw Trade,G. E. Murray,1992
Liar,Charlie Smith,1987
The Garden Buddha,Peter Pereira,2007
Northern Exposures,G. E. Murray,1986
Fuchsia,Charlie Smith,1990
Her Name is Rose,Peter Pereira,2003
Fortune,Charlie Smith,1990
Holy Shit,Peter Pereira,2007
The Dancer,David Tucker,2006
ONE POSSIBLE MEANING,Charlie Smith,1998
Perfect Pitch,Peter Pereira,2007
Today’s News,David Tucker,2006
Military Mind,Charlie Smith,2001
What’s Written on the Body,Peter Pereira,2007
Lost in Translation,Peter Pereira,2007
Anagrammer,Peter Pereira,2007
Homecoming,Keith Althaus,1969
“Although the wind ...”,Izumi Shikibu,1990
Ode I. 11,Horace,1983
“The great sea ...”,Uvavnuk,1994
"""You who want ...""",Hadewijch II,1994
Raking,Tania Rochelle,2003
My Brother,Marci Ridlon,1991
Wax Lips,Cynthia Rylant,2001
Slow Dancing on the Highway:the Trip North,Elizabeth Hobbs,2001
Ophelia’s Technicolor G-String: An Urban Mythology,Susan B. Anthony Somers-Willett,2006
A Dandelion for My Mother,Jean Nordhaus,2006
Geometry,Nancy Botkin,2006
At a Certain Age,Deborah Cummins,2007
Snip Your Hair,Regina DeSalva,2006
I Was Always Leaving,Jean Nordhaus,2008
Pauline Is Falling,Jean Nordhaus,2000
Chanukah Lights Tonight,Steven Schneider,2000
"from Paradiso: Canto 33 (lines 46-48, 52-66)",Dante Alighieri,2007
The Rape of Europa,Ovid,2008
"""For years my heart inquired of me‚""",Hafez,2008
Spare Parts,Trish Dugger,2006
Mother's Closet,Maxine Scates,2005
Ode to Marbles,Max Mendelsohn,2004
The Laughter of Women,Mary-Sherman Willis,2007
Heart,Rick Campbell,2006
Planting the Sand Cherry,Ann Struthers,2004
Not Knowing Why,Ann Struthers,2009
To Katharine:  At Fourteen Months,Joelle Biele,2007
My name came from . . .,Emmett Tenorio Melendez,2000
After Work,John Maloney,2007
Ghost Villanelle,Dan Lechay,2003
Applied Geometry,Russell Libby,2007
Self-Portrait,Zozan Hawez,2007
Wild Flowers,Matthew Vetter,2008
A Toast for Men Yun-Ch’ing,Tu Fu,1921
He Thinks of His Children,Hittan of Tayyi,1931
Luminous Great Mass,Peter O’Leary,2001
Pop,Elinor Maxwell,1931
Faith,Judy Loest,2007
Western,Michelle Bennett,2008
Hate Poem,Julie Sheehan,2006
"Like Coins, November",Elizabeth Klise von Zerneck,2008
Back Then,Trish Crapo,2004
Grandpa Vogt’s—1959,Ben Vogt,2008
The Letter From Home,Nancyrose Houston,2009
Bankruptcy Hearing,Dana Bisignani,2008
I Will Take Anyone to Bed (Poetically Speaking of Course),Sara Littlecrow-Russell,2006
Crochet,Jan Mordenski,1995
The World as It is,Carolyn Miller,2009
Ghost Dance,Sara Littlecrow-Russell,2006
[night and],Kerri Sonnenberg,2004
My Hometown,Donal Heffernan,2009
Snowy Owl Near Ocean Shores,Duane Niatum,1996
Five Years Later,Tony Gloeggler,2009
The Terrible Sons,Israel Zangwill,2026
The Film,Kate Northrop,2007
Open the Gates,Israel Zangwill,2017
Our Lady of Perpetual Loss,Deborah A. Miranda,2005
Advice from La Llorona,Deborah A. Miranda,2005
Nocturne,Michelle Y. Burke,2009
Love Poem to a Butch Woman,Deborah A. Miranda,2005
Old Territory. New Maps.,Deborah A. Miranda,2005
Night Heron Maybe,Fred Marchant,2009
A Ghost Abandons the Haunted,Katie Cappello,2009
Eating Them As He Came,Christopher Todd Matthews,2009
On the Birth of a Son,Su Tung-Po,1918
The Salt Stronger,Fred Marchant,2009
Against Epiphany,Fred Marchant,2009
Summer at North Farm,Stephen Kuusisto,1989
Taking the Thought for the Dog,Katharine Auchincloss Lorr,1998
Cicada,Fred Marchant,2009
Doppelte Nationaltätsmoral/Dual Nationality: A Moral Tale,Zehra Çirac,1998
Note Held,Fred Marchant,2009
Peach,Jennifer Tonge,1999
Schools,Paula Tatarunis,1999
The Sévres Road,Susan Donnelly,1999
Aperture,Jennifer Tonge,2005
Marco Polo at Finisterre,Matthew Brenneman,2000
Postpartum Blues,Elton Glaser,2000
Jack,Sara Backer,2001
Over and over Tune,Ioanna Carlsen,2001
At Popham Beach,Thorpe Moeckel,2002
Tone Deficit,Kevin McFadden,2006
from Aphorisms I-XV,Theodore Worozbyt,2007
The Abandoned Farm,Mary Rose O'Reilley,2007
A Duet,Kevin McFadden,2008
Mine,Shail D. Patel,2007
Teeth,Kevin McFadden,2009
An Auto-da-fé,Kevin McFadden,2009
Carolina Journal,Nicole Pekarske,2007
At the Circus,Umberto Fiori,2007
A Date,Kevin McFadden,2009
Reading a Memoir at Cedar Island,Nicole Pekarske,2007
Slide,Umberto Fiori,2007
The History of Mothers of Sons,Lisa Furmanski,2008
Beech,Kevin McFadden,2000
J. Learns the Difference Between Poverty and Having No Money,Jeffrey Schultz,2008
Mu'allaqa,Imru'al-qays,2008
J. Finds in His Pocket Neither Change nor Small Bills,Jeffrey Schultz,2009
The Song of the Birds,Lydia Davis,2008
Sustenance,Chris Dombrowski,2008
"Dressing Down, 1962",Lesley Wheeler,2008
"Get Up,  John",Chris Dombrowski,2008
Plaint in a Major Key,Jorge Sánchez,2008
alwaysendeavor,Bob Dahlquist,2008
Landscape with Scavengers and Bonelight,Chris Dombrowski,2008
fallen,jörg piringer,2008
Therapy  from the Garden,Glenn Morazzini,2008
Cosmogony,Caki Wilkinson,2008
Lares and Penates,Caki Wilkinson,2008
Feather in Bas-Relief,Allen Edwin Butt,2009
La Petite Vie,Allen Edwin Butt,2009
If Briefly,Allen Edwin Butt,2010
At Chartres,Katy Didden,2009
Fox in the Landscape,Leslie Williams,2009
"Aeneid, II, 692 - end",Virgil,2009
The Bees,Bruce Mackinnon,2009
“Embrace Them All”,Katy Didden,2009
In Me as the Swans,Leslie Williams,2009
A Pedal-Pusher Said to Me,Gabriel & Marcel Piqueray,2009
Mantinades,Mantinadologoi,2009
The Broken String,Diakwain,2009
Fact,Craig Dworkin,2009
The Cellar,Emily Fragos,2009
Swerve,Kelle Groom,2009
Guess the Races of Three Boys from Champaign,D. H. Tracy,2010
Barber,Larry Bradley,2010
Before the Rain,Lianne Spidel,1999
American Future,Peter Bethanis,1998
The Tragedy of Hats,Clarinda Harriss,1999
Deaf Night at O'Donnell's,Art Nahill,2000
Li Hua's Messenger,Peter Bethanis,2001
[Les plantes et les planètes],Robert Marteau,2000
Touch,Trevor West Knapp,2001
The Dignity of Ushers,Al Maginnes,2002
Market Forecast,Alexa Selph,2001
Cleaning an Attic,Brent Pallas,2002
Thought,Thomas Pfau,2002
Nomadology,Alissa Leigh,2002
Thinking about the Enemy,J. P. White,2002
The Crow,Kunst Judith McCune,2003
My God,Susan Rolston,2003
Love Recidivus,Lisa Barnett,2003
A CAVE OF ANGELFISH HUDDLE AGAINST THE MOON,Ron De Maris,2003
Country Love Song,Melanie Almeder,2004
Lady Macbeth's Confession,Neisha Tweed,2004
Little God Origami,Stefi Weisburd,2005
Reflections,Norman Macleod,1933
