Poet,Year
Michelle Menting,2017
Ted Kooser,1969
Grace Cavalieri,2025
Connie Wanek,1982
January Gill O'Neil,2025
Joy Harjo,1981
John Ashbery,1957
Simone White,2002
Heid E. Erdrich,1993
Judith Harris,2025
Kelly Madigan,2013
P. Ivan Young,2007
Truong Tran,1999
Debora Greger,1979
James Tate,1973
Barbara Ras,1979
Eugene Gloria,1987
Michael Gessner,2006
Indran Amirthanayagam,1990
Tao Lin,2013
Margarita Engle,1981
James Masao Mitsui,1989
Rick Noguchi,2003
Robert Wrigley,1981
Adrian Matejka,2025
Osip Mandelstam,1921
Juliet Kono,1973
Naomi Shihab Nye,1982
Sueyeun Juliette Lee,2007
Christina Pugh,2008
Cathy Linh Che,2025
Eric Gamalinda,1986
Aracelis Girmay,2007
Ha Jin,1986
Bei Dao,1979
Sarah Gambito,2025
Sun Yung Shin,2004
April Ossmann,2025
Thomas Centolella,2025
Jaswinder Bolina,2008
Gerard Malanga,1973
Amanda Nadelberg,2025
Eileen R. Tabios,1990
Sunnylyn Thibodeaux,2005
Nikki Wallschlaeger,2004
Craig Morgan Teicher,2009
T'ai Freedom Ford,2025
William Trowbridge,2025
Douglas Manuel,1960
Diane Gilliam Fisher,1987
Cynthia Hogue,1981
Phillis Wheatley,1783
Cynthia Zarin,1989
Jill Bialosky,1987
Andrew Motion,1982
Mari L'Esperance,2003
Anthony Madrid,1967
Veronica Forrest-Thomson,1977
Dorianne Laux,1982
Shara McCallum,2025
Pattiann Rogers,1970
JoAnn Balingit,1997
Martin Carter,1957
Jennifer Rahim,1993
Vincent Katz,1957
Hoa Nguyen,1997
Julien Poirier,2000
Joshua Edwards,1991
Joseph Hutchison,2004
Wesley McNair,1971
Marge Piercy,1966
Carmen Bernier-Grand,1977
Nancy Willard,1966
Fleda Brown,1974
Christine Stewart-Nuñez,1967
James Crews,2008
Kim Addonizio,1984
Pat Schneider,1964
Peter Everwine,1960
Marie Buck,2009
Matthew Zapruder,1997
Ben Fama,2020
Eleni Sikelianos,1995
Daniel Nadler,2013
Harryette Mullen,1983
Mary O'Donnell,1984
Anna Rabinowitz,2025
Tracy K. Smith,2002
Mina Loy,1912
Joanna Klink,2025
David Shook,1991
Jennifer Firestone,1930
Emily Skillings,2003
Kit Robinson,1979
Vi Khi Nao,2025
Johannes Göransson,1997
Aimee Nezhukumatathil,2004
Elizabeth Barrett Browning,1836
Aziza Barnes,2022
Naomi Replansky,1948
Terrance Hayes,2001
Margaret Hasse,1980
W. Todd Kaneko,2025
Tami Haaland,2025
Jonterri Gadson,2015
Thomas R. Moore,2020
Mark Rudman,1978
Randall Horton,2025
Rodney Koeneke,1998
Kenyatta Rogers,2025
James Hoch,1997
Matthew Dickman,2005
Jeffrey Harrison,1987
Jeff Derksen,1991
Maggie Smith,2007
Aleida Rodríguez,2025
Angela C. Trudell Vasquez,2009
Lesley Harrison,2004
Christina Rossetti,1860
Luljeta Lleshanaku,2006
Christopher Soto,2025
Melvin Dixon,1980
Anthony Carelli,1974
Christian Wiman,1996
Jen Hofer,2001
Rebecca Morgan Frank,1969
Chrystos,1976
Alli Warren,2017
Kiki Petrosino,2009
Levi Romero,2014
Greg Delanty,1988
Joseph Di Prisco,1980
Elizabeth A.I. Powell,1995
Alurista,1977
Joseph Massey,2008
Karen Volkman,1997
Gillian Conoley,1985
Ryo Yamaguchi,2002
Jack Kerouac,1952
Chinua Achebe,1960
Daniel Poppick,2008
Kazim Ali,2001
Carrie Olivia Adams,2003
Emily Hunt,2015
Laura Marie Marciano,2025
Alan Felsenthal,1992
Evie Shockley,2025
Laura Da',2025
Gwen Nell Westerman,2025
Kathryn Nuernberger,1989
Ruben Quesada,2025
M.L. Smoker,1965
Patricia Smith,1985
Tim Seibles,1985
Eric Gansworth,1995
Michael Klein,1984
Robert Hass,1971
Julian Talamantez Brolaski,1999
Jack Agüeros,1964
dg nanouk okpik,2025
Wendy Xu,2017
Fady Joudah,2001
Linda Rodriguez,2025
Luis J. Rodríguez,1984
Nick Arnold,1991
Karenne Wood,1990
Janice Gould,1979
Luci Tapahonso,1983
Brenda Hillman,1981
Adam Clay,1992
Eduardo Chirinos,1990
elena minor,2013
Dunya Mikhail,1995
Amy Gerstler,1986
Robert Morgan,1974
Jehanne Dubrow,2025
Tatiana de la Tierra,1991
Audre Lorde,1964
James K. Zimmerman,1997
Betty Adcock,1968
Marilyn Singer,1978
Juan Felipe Herrera,1978
Ron Rash,1983
Marilyn Dumont,1985
Gordon Henry Jr.,1985
Noah Warren,2025
Janet McAdams,1987
Tacey M. Atsitty,2015
Merrill Leffler,2025
Cedar Sigo,2008
Sandra Simpson,2002
Philip Raisor,1957
Raina J. León,2025
Megan Snyder-Camp,1956
David Hernandez,2001
Cathy Tagnak Rexford,1988
Peter Oresick,1985
Alejandra Pizarnik,1966
William Archila,2010
Deena Metzger,1966
Matthea Harvey,2003
Jenny Xie,2025
Ada Limón,2006
Robert Hedin,1956
Richard Jones,2025
Ghassan Zaqtan,1984
Olena Kalytiak Davis,1993
Olav H. Hauge,1938
Jenny George,1943
Melissa Stein,2025
David Budbill,1970
Meena Alexander,1981
Celina Su,2009
Hanif Abdurraqib,2013
Sophia Dahlin,1998
LeAnne Howe,1981
Maryann Corbett,2025
David Mason,1984
Samuel Green,1978
Etheridge Knight,1961
Emily Jungmin Yoon,2025
Langston Hughes,1931
Pauli Murray,1940
Adrian Koesters,1971
Kim Lozano,1944
Jim Daniels,1986
Toby Altman,2025
Ali Power,1988
Edmund Berrigan,1964
Randall Mann,2002
Billy Collins,1971
Steve Sanfield,1967
G. Maria Hindmarch,1970
Mark Tardi,2006
Charles Bernstein,1980
Mónica de la Torre,1999
Donika Kelly,2025
Kim Parko,2023
Diana Khoi Nguyen,2025
Gabriel Ojeda-Sague,1988
Richard Blanco,1998
Ursula K. Le Guin,1959
Aase Berg,1997
Dan Gerber,1970
Sally Van Doren,2025
Bill Zavatsky,1973
Solmaz Sharif,2013
Natasha Trethewey,1996
William Carlos Williams,1913
D. H. Lawrence,1915
Jean Toomer,1924
E. E. Cummings,1924
Edna St. Vincent Millay,1922
Kahlil Gibran,1913
Peggy Shumaker,1993
Larry Neal,1967
Robert Frost,1904
Katy Lederer,2001
Rusty Morrison,1986
Wallace Stevens,1909
Susan Eisenberg,2025
Dante Di Stefano,1988
Richard Robbins,2009
Caitlin Doyle,1985
Anne Sexton,1958
bell hooks,1982
Liz Ahl,2025
Gerrit Lansing,1935
Louise Bogan,1927
George Sterling,1899
John Masefield,1908
Elisa Gabbert,2009
Max Garland,2025
Ntozake Shange,1978
Paul Martin,1983
Thomas Reiter,2018
Brian Lucas,2003
Chris Martin,2001
Peg Duthie,1993
Mark Irwin,1980
Kenneth Lee,1906
Peter Schneider,1964
Jasmine Gibson,1973
Chris Glomski,2007
Michael Lally,1972
Bruce Pemberton,1990
André Naffis-Sahely,2015
Austin Smith,2012
Ron Koertge,1970
Jared Stanley,2025
Maureen Thorson,1992
Sally Wen Mao,2025
Craig Santos Perez,2010
Simon Armitage,1993
John Trudell,1976
Wisława Szymborska,1953
Layli Long Soldier,2025
Letitia Elizabeth Landon,1832
Kirsten Ihns,2024
William Butler Yeats,2025
Samuel Daniel,1649
Michael Drayton,1661
A. E. Housman,1889
John McCrae,1902
John Milton,1638
Thomas Love Peacock,1815
Alan Seeger,1918
William Shakespeare,1646
Charles Hamilton Sorley,1925
Robert Southey,1804
James Thomson (Bysshe Vanolis),1864
Robert Browning,1842
Isabella Whitney,1654
Sandra M. Gilbert,1966
Julian Grenfell,1918
Francis Scott Key,1809
Vachel Lindsay,1909
Emily Dickinson,1860
Carl Phillips,1989
John Frederick Nims,1943
Grace Paley,1952
A. R. Ammons,1956
Barbara Guest,1950
Charles Wright,1965
Lizette Woodworth Reese,1886
Gregory Orr,1977
Rupert Brooke,1917
Harriet Monroe,1890
Rita Dove,1982
Patricia Goedicke,1961
Miller Williams,1960
Robert Duncan,1949
Esther Belin,2025
Carter Revard,1961
Adrienne Rich,1959
Ray Gonzalez,1980
Thylias Moss,1984
Allen Ginsberg,1956
Gabriel Gomez,2025
Paul Martínez Pompa,2025
Rachel Loden,2025
Lewis Warsh,1974
Joan Retallack,1971
Keith Waldrop,1965
Rosmarie Waldrop,1965
Mohja Kahf,1997
Khaled Mattawa,1994
Samuel Hazo,1996
David Elliott,1975
Betsy Franco,2015
Susan M. Schultz,1988
Yehuda Amichai,1954
Taha Muhammad Ali,1961
Timothy Donnelly,1999
Frannie Lindsay,2025
Charles Olson,1940
Ezra Pound,1915
W. S. Merwin,1957
Tim Nolan,1973
Avis Harley,1990
Steven Herrick,1988
Ralph Fletcher,1983
Sara Holbrook,2013
David L. Harrison,1967
Charles Ghigna,1976
Nathaniel Perry,2020
Edward Lear,1842
Linh Dinh,1993
Stéphane Mallarmé,1872
Charles Baudelaire,1851
Bruce Covey,2001
Joan Larkin,1969
John Hennessy,2009
Roxane Beth Johnson,2025
Joyce Sutphen,1979
Matthew Rohrer,2000
Joshua Clover,1992
Joel Brouwer,1998
Mona Van Duyn,1951
Kenneth Rexroth,1935
Marilyn L. Taylor,1969
Marjorie Maddox,1949
Rafael Campo,1994
Ellery Akers,1976
Jocelyn Saidenberg,1992
Nicole Brossard,1973
Dean Young,1985
Jackson Mac Low,1952
Justin Chin,1999
Michelle Tea,2001
Aaron Shurin,1977
Robert Glück,1973
Maureen Seaton,1977
Renee Gladman,2001
John Cage,1942
Wayne Koestenbaum,1988
Brian Teare,2004
June Jordan,1966
Robert Creeley,1956
John Taggart,1972
Timothy Liu,1995
Chip Livingston,1972
Catherine Wagner,1999
David St. John,1979
Percy Bysshe Shelley,1849
Carolyn Kizer,1955
Jonathan Williams,1959
Paul Foster Johnson,2006
Lucille Clifton,1966
Daniel Borzutzky,2004
Muriel Rukeyser,1943
John Unterecker,1929
Kate Greenstreet,1988
Tom Raworth,1968
Michael McClure,1962
D. A. Powell,1993
Landis Everson,1956
Nathaniel Tarn,1958
Eileen Myles,1979
Fred Wah,1969
Brenda Cárdenas,2025
Lisel Mueller,1954
Calef Brown,2015
Douglas Florian,1965
Jane Yolen,1969
Joyce Sidman,1986
Kristine O'Connell George,1956
Reginald Shepherd,1993
William Blake,1787
Stephen Sandy,1977
Eleanor Ross Taylor,1950
Rane Arroyo,1984
Ashley Anna McHugh,2024
Nathalie Handal,1999
Mark Jarman,2021
Stephen Spender,1939
Tsering Wangmo Dhompa,1999
Jorie Graham,1980
P. Inman,1977
J. Patrick Lewis,1972
David Ferry,1954
Joe Mills,2025
Cathy Smith Bowers,1979
Alison Hawthorne Deming,1976
Gerald Stern,1955
Thomas P. Lynch,1978
Marie Howe,1980
Adrien Stoutenburg,1946
Jennifer Moxley,1994
Bob Hicok,1990
Lisa Jarnot,1997
Tom Sleigh,2025
Gregory Pardlo,1998
Patricia Jabbeh Wesley,2021
John Wieners,1964
Jane Miller,1979
April Lindner,2012
Ed Roberson,1969
Gwendolyn Brooks,1947
Donald Davie,1952
Marcus B. Christian,1930
Dick Allen,1969
Angelo Giambra,2025
E. A. Markham,1969
Roy Scheele,1956
Michael Palmer,1973
Kathleen M. McCann,1985
Frank Marshall Davis,1935
Meghan O'Rourke,2006
Stanley Kunitz,1935
Jane Cooper,1954
Kay Mullen,2025
Ladan Osman,2025
Leo Dangel,1925
John Koethe,1975
Michael Ryan,1976
W.D. Ehrhart,1978
William Stanley Braithwaite,1908
Andrei Codrescu,1976
Arthur Symons,1895
Ernest Dowson,1897
Arthur O'Shaughnessy,1874
Edward Thomas,1908
Bill Berkson,1969
Ken Mikolowski,1970
Joanne Kyger,1964
Robert Fernandez,2010
Ish Klein,2025
David Dominguez,2001
Don Thompson,1972
Will Alexander,1992
Diane di Prima,1964
Kay Ryan,1975
Jorge Evans,2012
David Black,1967
Molly Fisk,1985
James Longenbach,1989
Liam Rector,1979
Vicki Hearne,1976
Peter Balakian,1981
Mark Halliday,1979
Peg Boyers,1972
Connie Voisine,2016
Paul Verlaine,1874
Arthur Rimbaud,1884
Greg Miller,2006
Don Bogen,2025
Richard O. Moore,1950
W. S. Graham,1948
Kris Hemensley,1976
Jan Owen,1970
Mark Tredinnick,1992
Judith Beveridge,1986
Peter Boyle,1981
Caroline Caddy,1974
Fay Zwicky,1963
Chris Wallace-Crabbe,1964
Geoff Page,1970
Stephen Edgar,1981
Vivian Smith,1963
Tim Dlugos,1980
Brook Emery,1979
Michael Sharkey,1976
David Musgrave,1995
Catherine Wing,1978
L. E. Sissman,1958
Richard Newman,1996
Richard Levine,1972
Susan Hampton,1979
Luke Davies,1992
Alan Dugan,1953
joanne burns,1975
Catherine Tufariello,1993
Denise Low,1979
Charles Simic,1968
Femi Osofisan,1976
Dilruba Ahmed,2025
Emily Warn,2008
Théophile Gautier,1841
Jane Hirshfield,1983
Gertrude Stein,1904
Rachel Richardson,2000
Brian Henry,2002
Ted Berrigan,1964
William Cullen Bryant,1824
Peter Gizzi,1989
Adonis,1960
Linda Pastan,1962
Charlotte Mew,1899
Linda Gregerson,1980
Heather McHugh,1978
Jacqueline Osherow,1986
Eavan Boland,1974
Claudia Emerson,1987
Shel Silverstein,1960
Anya Silver,1998
Rosanna Warren,1983
Chard DeNiord,2025
Dorothea Tanning,1940
Sarah A. Chavez,2025
Carrie Shipers,2016
Clark Coolidge,1969
Darcie Dennigan,2005
Bernadette Mayer,1975
Stanley Moss,1955
Cole Swensen,1985
Jeanne Wagner,1992
Carol Light,1985
Jared Harél,2025
Wendy Videlock,1991
Kathryn Stripling Byer,1974
Mark Vinz,1963
Charles Reznikoff,1924
Mark Doty,1983
Amy King,2004
Harmony Holiday,2012
Paul Blackburn,1956
Rebecca Lindenberg,1997
David Sullivan,2011
Jennifer Grotz,2001
John Brehm,2017
Ron Silliman,1976
Linda Norton,1962
Andrew Allport,1985
Edgar Allan Poe,1840
Ariana Reines,2012
Julie Suk,1954
Shawn Pittard,2025
Linda Parsons Marion,1983
Judith Slater,2025
Duchess of Newcastle Margaret Cavendish,1653
Ciaran Carson,1978
Sasha Steensen,1995
E. Tracy Grinnell,2025
H. L. Hix,1990
Rita Ann Higgins,1985
Jo McDougall,1975
Geraldine Connolly,1982
Judson Mitcham,1978
Minnie Bruce Pratt,1976
Allison Adelle Hedge Coke,1988
Linda Hogan,1977
Quincy Troupe,1969
Victor Hernández Cruz,1979
Lord Byron (George Gordon),1818
Garrett Caples,2002
Laynie Browne,1996
George Moses Horton,1828
Richard Owens,2003
Derek N. Otsuji,2025
Melvin B. Tolson,1928
Samuel Greenberg,1923
Lucy Larcom,1854
Ethel Lynn Beers,1857
Elizabeth Drew Barstow Stoddard,1853
George Henry Boker,1853
Henrietta Cordelia Ray,1882
Herman Melville,1849
Henry Timrod,1858
Sarah Morgan Bryan Piatt,1866
Eamon Grennan,1971
Richard M. Berlin,1957
Sarah C. Harwell,1995
Susan Wheeler,1985
Forrest Gander,1986
Bob Kaufman,1955
Kenneth Patchen,1941
Stevie Smith,1932
Roy Fisher,1960
Jan Heller Levi,1984
Cynthia Huntington,2025
Henri Cole,1986
Dana Ward,1980
Nikky Finney,1987
Zachary Schomburg,1969
Robert Polito,2025
Bruce Lansky,2020
Bill Dodds,1989
Joyce Armor,1931
Hannah Gamble,2025
Lisa Robertson,1991
Mark Sanders,1990
Lynne Sharon Schwartz,1969
Robert Gibb,1976
Chana Bloch,1970
Mark O'Brien,1979
Kate Buckley,2025
Allan Peterson,1941
Adrian C. Louis,1976
Angela Jackson,1981
Maureen Ash,2019
Wendell Berry,1964
Lorine Niedecker,1933
Camille Guthrie,1993
Curzio Malaparte,2025
Steve Kistulentz,1997
Sappho,2025
Marsha Truman Cooper,1976
Paisley Rekdal,2025
Dawn Lundy Martin,2025
George Bilgere,1981
Robin Chapman,1997
Joel Craig,1994
Nick Twemlow,2003
Erin Belieu,1995
Carolyn Creedon,1999
X J Kennedy,1959
D. Nurkse,2003
Bruce Snider,2025
James Doyle,2025
Laura Mullen,1988
Alicia Ostriker,1967
A. E. Stallings,1998
Helen T. Glenn,1995
Walt Whitman,1849
Alice Oswald,1996
Christina Davis,2025
Raymond McDaniel,2025
Sheryl St. Germain,1984
Edgar Lee Masters,1898
Natalie Diaz,2008
Baron Brooke Fulke Greville,1658
George Herbert,1663
James Shirley,1696
Gabriel Welsch,2000
Philip Nikolayev,1996
Rebecca Hazelton,2008
Tyrone Williams,1969
Sharon Mesmer,1990
Philip Lamantia,1957
John Yau,1980
Lynn Xu,2025
Mary M. Brown,1965
LaTasha N. Nevada Diggs,2025
Gina Franco,2009
Mo H. Saidi,1955
Sherod Santos,1978
Jay Leeming,1954
Kathleen Driskell,2025
Nancy Simpson,1988
Li-Young Lee,1987
Chelsea Rathburn,2025
Karla Huston,2025
Andrea Hollander,1977
William Jolliff,2020
Catherine Savage Brosman,1983
Ivan Hobson,1987
Mark Kraushaar,2025
Shari Wagner,2025
Heather Allen,1972
Robert Haight,1986
David Allan Evans,1970
Jake Adam York,2002
Ko Un,1963
John Barr,1973
John Philip Johnson,2013
Rose Fyleman,1907
Georgia Douglas Johnson,1910
Li Po,1945
Rabindranath Tagore,1891
Emanuel Xavier,2000
David Yezzi,1996
Cleopatra Mathis,1977
Lucie Brock-Broido,1986
Barbara Crooker,1974
Linda M. Hasselstrom,2025
Matt Mason,1998
Jackie Fox,1993
Marty Walsh,2025
Mary Szybist,2000
Brian Russell,2001
Robert Winner,1960
Jane Kenyon,1977
Carmen Giménez Smith,2001
Carol Ann Duffy,1985
Tino Villanueva,1971
J. Michael Martinez,2012
David Lau,1976
Adrian Castro,2005
Tishani Doshi,2005
Joseph Brodsky,1970
Mary Margaret Alvarado,1999
Valerie Mejer Caso,1986
Lucy Ives,2010
Anne Waldman,1975
Farnoosh Fathi,2011
Lyn Hejinian,1971
Joyelle McSweeney,2006
Carmen Tafolla,1981
Barbara Hamby,1982
Jesús Papoleto Meléndez,1980
Donald Revell,1984
Suzanne Gardinier,1991
Fanny Howe,1970
Hilda Morley,1946
Maurice Kilwein Guevara,1991
Michael Schmidt,1977
Juan Delgado,1995
Lorna Dee Cervantes,1984
Ed Bok Lee,2025
Andrew Zawacki,2002
Raza Ali Hasan,2005
Tarfia Faizullah,2010
Graham Foust,2000
Nathaniel Mackey,2012
Xochiquetzal Candelaria,2003
Claude McKay,1920
Calvin Bedient,1968
Esther Lee,1980
David Mura,1982
Sharon Chmielarz,2025
Marilyn Nelson,1976
George Quasha,1972
John Davies,1656
Sir Walter Ralegh,1648
Brian Komei Dempster,2025
Jody Gladding,1985
Clifton Gachagua,2017
Kofi Awoonor,1965
George Oppen,1938
Gary Snyder,1960
Jerome Rothenberg,1961
Allen Grossman,1962
Sandy Florian,1994
Paul Celan,1950
Martín Espada,1987
Elise Partridge,1977
Laetitia Pilkington,1739
Thomas Hardy,1870
Isaac Rosenberg,1920
Siegfried Sassoon,1916
Lee Herrick,2000
Robert Nichols,1923
Ron Padgett,1972
Ivor Gurney,1920
Edmund Blunden,1926
Robert Graves,1925
Wilfred Owen,1923
Laurence Binyon,1899
Katie Peterson,2025
H. D.,1916
Nathaniel Hawthorne,1834
Ford Madox Ford,1903
Katharine Tynan,1889
Arthur Graeme West,1921
Jessie Pope,1898
Eleanor Farjeon,1911
Vera Mary Brittain,1923
Edith Wharton,1892
Sara Teasdale,1914
Wilfrid Wilson Gibson,1908
Ella Wheeler Wilcox,1880
Henry Newbolt,1892
Carl Sandburg,1908
Patrick Shaw-Stewart,1918
Kenneth Koch,1955
Gail Mazur,1967
Mary Borden,1916
Margaret Postgate Cole,1923
Florence Ripley Mastin,1916
Hervey Allen,1919
Elizabeth Bishop,1941
May Wedderburn Cannan,1923
Carl Rakosi,1933
Francis Ledwidge,1917
Rudyard Kipling,1892
Randall Jarrell,1944
James Schuyler,1953
Derek Walcott,1960
Tina Chang,2025
Kevin Young,2000
Sylvia Plath,1962
Edgell Rickword,1928
Ravi Shankar,2005
Thom Gunn,1959
Jennifer Gray,1971
Stuart Kestenbaum,2025
Don Welch,1962
Kurt Brown,1997
Amanda Strand,2012
Penny Harter,1949
Ilya Kutik,1982
Sudeep Sen,1994
Frank O'Hara,1956
Donald Justice,1955
Michael Chitwood,2025
Alice Notley,1975
Rachel Sherwood,1984
Oliver de la Paz,2025
Jennifer Elise Foerster,2025
Martha Collins,1970
Rosemary Tonks,1958
Joshua Weiner,1993
Lloyd Schwartz,1971
Chitra Banerjee Divakaruni,1986
Susan Stewart,1982
Luisa A. Igloria,1991
Pat Mora,1972
Judith Ortiz Cofer,1982
Paul Violi,1974
Jennifer Michael Hecht,1995
Jericho Brown,2006
Vandana Khanna,2002
Edward Hirsch,1980
David Roderick,2000
Eric Chock,2008
Kwame Dawes,1992
Kyle Harvey,2025
Patrick Hicks,2000
Ned Balbo,1989
Marjorie Agosín,1985
Jon Leon,1981
Sydney Lea,1972
Ed Ochester,1969
J. Allyn Rosser,1987
Claudia Rankine,1993
Prageeta Sharma,2002
Joseph Bruchac,1972
John Hollander,1959
Deborah Paredez,2000
Toi Derricotte,1971
"Alfred, Lord Tennyson",1839
Henry Wadsworth Longfellow,1837
John Mason Neale,1848
Walter de La Mare,1903
Jennifer Maiden,1979
Daniel Tiffany,2010
Emily Rosko,2009
Nick Carbó,1994
Laura Moriarty,1982
Yolanda Wisher,2006
Paul Muldoon,1981
Rigoberto González,2000
Michael Miller,1980
Monica Ferrell,2005
Katia Kapovich,1990
Erika Meitner,2005
Joyce Peseroff,1973
Lawson Fusao Inada,1968
Robert W. Service,1904
Amiri Baraka,1964
Alice B. Fogel,1984
Rae Armantrout,1977
Khadijah Queen,2000
Danez Smith,2025
Morgan Parker,2017
Kevin Killian,1982
Thomas Sayers Ellis,1993
Frank Bidart,1969
Mary Jo Bang,1976
Deborah Landau,2003
CAConrad,1996
Patricia Traxler,2025
Edward Taylor,1672
John Sakkis,1920
Philip Jenks,1982
Dorothy Parker,1923
Tato Laviera,1980
Maya Angelou,1958
Ishmael Reed,1968
Joe Brainard,1972
Orlando White,2025
Katie Ford,2005
William E. Stafford,1944
Cecilia Vicuña,1978
Anne Boyer,2003
Mary Hickman,2009
Paolo Javier,2004
Jay Wright,1964
Matthew Shenoda,2007
Twyla Hansen,1979
Octavio Paz,1944
Gabrielle Calvocoressi,2025
Katrina Roberts,1976
Camille T. Dungy,2002
Joanna Fuhrman,2002
Pedro Pietri,1974
Monica McClure,1975
Debra Marquart,2022
Freya Manfred,1974
Jack Gilbert,1955
Jacqueline Woodson,1993
Tory Dent,1988
Frances Ellen Watkins Harper,1855
Nick Flynn,1990
Juliana Spahr,1996
Tony Hoagland,1983
Nate Marshall,2002
Paul Carroll,1957
Afaa Michael Weaver,1981
Timothy Tocher,2009
Christine Lynn Mahoney,1972
Rebecca Kai Dotlich,1972
Mary Atkinson,1986
James Kimbrell,2020
Stephanie Gray,2000
Carole Boston Weatherford,1986
Bob Perelman,1977
Nancy Bo Flood,2005
Tomas Tranströmer,1961
Patricia Spears Jones,1981
May Sarton,1942
Margaret Avison,1948
Joyce Carol Oates,1968
Major Jackson,2025
Marsha De La O,1990
Yusef Komunyakaa,1971
April Halprin Wayland,1984
Robin Coste Lewis,1994
Ross Gay,2004
C. Dale Young,1999
Eva Saulitis,1993
Antonio Machado,1905
Lia Purpura,1994
Linda Bierds,1975
Amy E. Sklansky,1965
Jen Bryant,1990
Eileen Spinelli,1972
Arden Levine,2013
Cynthia Ventresca,1996
Jane Mead,1988
James Baldwin,1954
Camille Rankine,2025
Michael Dickman,2005
Pat Emile,2016
Ginger Murchison,1998
Sylvia Ross,2025
Stuart Dybek,1972
Alberto Ríos,1982
Norma Cole,1975
Robyn Schiff,2003
James McMichael,1969
James Lasdun,1988
Karen Solie,1996
Frederick Seidel,1966
Timothy Yu,2006
Tess Taylor,2007
Frank Lima,1969
Carrie Fountain,2025
Roald Dahl,2025
Eloise Greenfield,1959
Frank Ormsby,1977
Elizabeth Arnold,1988
John Godfrey,1975
Amit Majmudar,2009
Alice Fulton,1982
Joseph Gordon Macleod,1933
Nikki Giovanni,1973
Elizabeth Willis,1991
Rebecca Wolff,1997
Don Mee Choi,1992
Tyehimba Jess,1995
Molly Peacock,1977
Richard Michelson,1983
Gerard Manley Hopkins,1874
Taylor Mali,1995
Dana Gioia,1980
David Trinidad,1983
Andrew Joron,1985
Dara Wier,1976
Robert Francis,1931
Warsan Shire,2018
Cornelius Eady,1984
Jayne Cortez,1964
Robin Morgan,1971
Todd Colby,2025
Sara Nicholson,2011
Suzanne Buffam,2025
Hannah Brooks-Motl,2025
Alfred Starr Hamilton,1944
John Tipton,2025
Alan Feldman,2016
Emilie Buchwald,2025
Carol Muske-Dukes,1975
Stephen Swinburne,1982
Karen Jo Shapiro,1989
Francisco X. Alarcón,1984
Jana Prikryl,2005
Larry Eigner,1957
Ted Greenwald,2025
Jana Harris,1977
Sharon Olds,1972
C. D. Wright,1979
Mark McMorris,1990
Anne Spencer,1912
Louis MacNeice,1937
Ilya Kaminsky,2007
Catherine Bowman,2025
Emmy Pérez,2025
Reginald Gibbons,1977
Sjohnna McCray,2002
David Rivard,1983
James Galvin,1981
Dana Levin,1995
Brenda Shaughnessy,2000
Mark Levine,1968
Daniel Tobin,1988
Margaret Fishback,1930
Susan Rothbard,1997
Vahni Capildeo,2003
Lenelle Moïse,2010
Susan Firer,1978
Dale Going,1959
Jim Harrison,1967
Jean Valentine,1964
Lucia Perillo,1988
Rachel Galvin,1999
Jack Cooper,1979
Gary Whited,1981
Quraysh Ali Lansana,1994
Eric Amling,2025
Derek Mahon,1971
Eiléan Ní Chuilleanáin,1972
Nuala Ní Dhomhnaill,1982
Michael Hartnett,1971
Hai-Dang Phan,1950
James K. Baxter,1956
Kate Colby,2004
Robin Blaser,1955
Melissa Broder,2009
Cyrus Cassells,1987
Joy Katz,2025
Sandra Simonds,2025
Fred D'Aguiar,1990
Sergey Gandlevsky,1982
Mary Karr,1985
Lynn Emanuel,1979
Peter Cole,1987
A.B. Jackson,1995
Lynne Thompson,2025
sam sax,1985
Phillip B. Williams,2016
Lucy Tunstall,1976
Gillian Allnutt,1979
Kate Potts,2000
Moniza Alvi,1984
Ruth Wiggins,1989
Liz Berry,2010
Fran Lock,2025
Mark Waldron,1969
Denise Riley,1978
Emily Berry,2011
Cathy Song,1985
Jacqueline Jones LaMon,2025
CM Burroughs,1989
Mahogany L. Browne,2006
Cheryl Boyce-Taylor,1980
Roger Reeves,2010
Haki R. Madhubuti,1972
Ocean Vuong,2018
Bryan Thao Worra,2003
Brandon Som,2005
Gerald Maa,1994
Michael Hofmann,1987
Javier Zamora,2020
Kaveh Akbar,2019
Roy G. Guzmán,2025
Elizabeth Metzger,1966
Atsuro Riley,2025
Dana Roeser,2013
Patricia Lockwood,2012
Karl O'Hanlon,2006
Andrew McMillan,2018
Ian Pople,2003
Tyler Mills,2025
Vidyan Ravinthiran,2022
Hannah Lowe,2006
Karen An-hwei Lee,2003
Sandra McPherson,1973
Ishion Hutchinson,2013
Sylvia Legris,1990
Chase Twichell,1980
Joel Dias-Porter,2025
Paul Hostovsky,1986
Ed Skoog,2001
Duy Doan,2025
Katharine Coles,2025
Kate Farrell,2011
Geraldine Clarkson,2025
Franny Choi,2019
Natalie Scenters-Zapico,2014
Shane McCrae,2005
Marcus Slease,1996
Bruce Bond,1984
Elaine Equi,1983
Fatimah Asghar,2025
Cortney Lamar Charleston,2025
Sumita Chakraborty,2010
Donald Platt,2025
Monica Sok,2025
Durs Grünbein,1992
Jake Crist,2005
Drew Gardner,1952
John Lee Clark,2008
Clare Jones,2014
Robert Adamson,1973
Jane Yeh,2025
Dan Beachy-Quick,2025
Valzhyna Mort,2011
Liz Howard,2025
Dani Couture,2008
Michael Prior,2008
Ben Ladouceur,2017
Ian Williams,2009
Sachiko Murakami,2010
Mark Laliberte,1995
Daniel Scott Tysdal,2008
Shane Book,2025
Jennifer Givhan,2014
Rosebud Ben-Oni,2025
Christopher Spaide,2025
Amy Key,2006
Sean O’Brien,1982
Marion McCready,2025
Jamie McKendrick,1985
Paul Batchelor,2007
Sheryl Luna,2025
Alice Lyons,2016
Paige Lewis,2025
Anna Jackson,1997
Michele Leggott,1986
Kate Camp,2002
Jessie Puru,2025
Robert Sullivan,1997
Tayi Tibble,2025
Hera Lindsay Bird,2017
James Brown,1963
Jenny Bornholdt,1990
Anne Kennedy,1989
Bill Manhire,1976
Bernadette Hall,1975
Vincent O’Sullivan,1898
C. K. Stead,1962
Chris Tse,2019
Gregory O’Brien,1991
Faith Wilson,1980
Steven Toussaint,2025
Albert Wendt,1969
Erik Kennedy,2010
Essa Ranapiri,2023
Murray Edmond,1979
Dylan Horrocks,2025
Anahera Gildea,1973
Courtney Sina Meredith,2016
Martha Silano,2025
Nathan Spoon,1958
Anselm Berrigan,2002
Hieu Minh Nguyen,2025
Frances Leviston,2012
Lani O'Hanlon,2025
Camonghne Felix,2022
Eduardo C. Corral,2025
Raymond Antrobus,2016
Philip Good,1952
Noah Baldino,1975
Kristen Renee Miller,1999
Kinga Tóth,1983
Dora Malech,2011
Trevino L. Brings Plenty,2025
Michael Wasson,2020
Crisosto Apache,2025
Tanaya Winder,2025
Ishmael Angaluuk Hope,2025
Robin Richardson,2015
Jennifer Militello,2025
Lynn Melnick,1999
Catherine Barnett,2025
Tony Lopez,1980
Yoko Ono,1963
Safia Elhillo,2020
Virginia Keane,2006
Keith S. Wilson,1979
Franz Wright,1983
Carolina Ebeid,2025
Alex Dimitrov,2014
Jennifer Jean,1977
Ange Mlinko,1999
Zack Strait,2025
Matthew Sweeney,1982
Nestor Gomez,1986
Molly Brodak,2010
Elena Karina Byrne,2025
Clint Smith,2018
Jack Underwood,1952
Alan Pelaez Lopez,2023
Roy White,2014
torrin a. greathouse,2025
Alice Miller,1969
Frank Sherlock,2025
Nicky Beer,2006
Yanyi,2025
Jane Wong,2025
Robin Gow,2025
Faylita Hicks,2025
Justice Ameer,1977
Amy Beeder,2021
Rick Barot,1999
Martha Zweig,1972
Julian Randall,2021
Ali Liebegott,2001
Luther Hughes,2008
Mona Arshi,2025
Nam Le,2008
John Shoptaw,1957
Yi Sang,1940
Ken Chen,2009
Anne Winters,2025
avery r. young,2025
An Li,1993
Charles North,1971
Stephen Ira,1953
Willie Perdomo,1997
Michael Farrell,1995
Joy Ladin,1991
Penelope Shuttle,1977
Pascale Petit,1983
Sam Riviere,2011
Mary Meriam,1985
Marianne Boruch,1980
Gabrielle Bates,2025
Thomas McCarthy,1984
Clodagh Beresford Dunne,1986
Caroline Bird,2016
Richard Kenney,1978
Oliver Baez Bendorf,2017
Zeina Hashem Beck,2025
Annie Finch,1986
Rocket Caleshu,2025
Naomi Cohn,1968
Tess Gallagher,1973
Chrissy Williams,2008
Lieke Marsman,2020
Miriam Bird Greenberg,2025
Jane Huffman,2022
Kien Lam,1936
Eliza Griswold,2003
Natasha Sajé,1985
Ben Purkert,2025
Stephen Sexton,2018
Angela Narciso Torres,2025
Shira Dentz,2025
Anthony Lawrence,1987
Huang Fan,2025
William Logan,1980
Patrick Durgin,2001
Brian Kim Stefans,1999
Joshua Marie Wilkinson,2007
Alyssa Moore,2025
Ru Freeman,2025
Joshua Jennifer Espinoza,2017
LaWanda Walters,1989
Ashanti Anderson,1991
Reginald Dwayne Betts,2025
Edil Hassan,2025
Angel Nafis,2018
Aria Aber,2021
Afshan Shafi,1984
Nadra Mabrouk,2025
Momtaza Mehri,2025
Leo Boix,2025
Charif Shanahan,2013
Martha Serpas,1995
David Harsent,1972
Miller Oberman,1986
Devin Johnston,2000
Emily Liebowitz,1979
Natalie Eilbert,2005
David Baker,1984
Philip Metres,2000
John Skoyles,1979
Melissa Studdard,2025
Libby Burton,1968
K Ming Chang,2025
Tom Wayman,1975
Maria Hummel,2025
Khaty Xiong,2025
John Gallaher,1995
Jim Johnstone,2008
Jane Zwart,2025
Anne Marie Rooney,2013
Jasmine Elizabeth Smith,2025
George Szirtes,1978
Megan Denton Ray,2015
Wayne Holloway-Smith,2025
Mary Biddinger,2004
John Kinsella,1993
Julia Randall,1953
Marie Ponsot,1951
May Swenson,1943
Michele Wolf,2019
Neil Carpathios,1991
Allan Johnston,1979
Geoffrey Brock,1994
Jack Conway,1994
Anna Akhmatova,1919
Adam Zagajewski,1975
Mark Strand,1964
Jill Alexander Essbaum,2001
Sarah Holland-Batt,2012
Carolyn Forché,1980
Todd Swift,2025
John M. Ridland,1930
Lisa Russ Spaar,2025
Sarah Lindsay,1988
Daisy Fried,1997
Paul Hoover,1976
Clive James,1969
Gottfried Benn,1916
Scott Cairns,1984
Roddy Lumsden,1996
Dave Smith,1972
C. K. Williams,1966
W. S. Di Piero,1975
Todd Boss,1998
Tim Bowling,1994
James Arthur,2004
Stephen Yenser,1971
Sophie Cabot Black,1988
Josh Wild,2025
Amrita Pritam,1949
Juhan Liiv,1894
Angelos Sikelianos,1914
Claude Esteban,1965
Arseny Tarkovsky,1937
Eugénio de Andrade,1953
Edith Södergran,1922
Elena Shvarts,1978
Reina María Rodríguez,2025
Bertolt Brecht,1928
Ouyang Jianghe,1992
Elsa von Freytag-Loringhoven,1904
Amanda Jernigan,2003
Mary Ruefle,1982
Robin Robertson,1985
Dan Howell,1996
Anthony Hecht,1953
Bryan D. Dietrich,1995
Melanie Braverman,2025
Joanie Mackowski,1993
A. F. Moritz,1977
Ray Amorosi,1987
John Rybicki,2025
Robert VanderMolen,1971
Olivia Clare,1994
T. Zachary Cotler,2011
Marcus Wicker,2014
Allison Seay,2025
Maxine Kumin,1955
Linda Kunhardt,2025
Philip Levine,1958
Robert Pinsky,1970
Vijay Seshadri,1984
Albert Goldbarth,1978
Carol Frost,1978
Greg Glazner,1988
Fiona Sampson,1993
David Biespiel,1994
Weldon Kees,1944
Janet Loxley Lewis,1929
Paolo Febbraro,1960
Eugene Dubnov,1979
Marina Tsvetaeva,1922
Paul Claudel,1898
Jorge Luis Borges,1929
Patricia Kirkpatrick,2009
V. Penelope Pelizzon,2025
David Lehman,1978
Sean Hill,2025
Michael Collier,1983
Kathy Nilsson,2025
Tara Bray,1981
Howard Nemerov,1950
Kimiko Hahn,1985
Cally Conan-Davies,1984
John Repp,1983
Mike Puican,1999
Denise Levertov,1953
Josephine Miles,1941
Ruth Stone,1945
Amy Clampitt,1950
Kathleen Raine,1938
Steve Gehrke,2001
Robin Ekiss,2025
Saskia Hamilton,1997
Brian Swann,2022
Joan Hutton Landis,1935
Joshua Mehigan,1999
Campbell McGrath,1992
Elizabeth Seydel Morgan,1979
Kathleen Jamie,1992
James Laughlin,1944
Lisa Williams,2003
Nicholas Friedman,1983
Rickey Laurentiis,2025
Michael Lista,2013
Sara Miller,1954
Brad Leithauser,1983
Matthew Nienow,2013
Shann Ray,1997
Kelly Cherry,1970
Ricardo Pau-Llosa,1984
Joan Mitchell,1955
Rachel Jamison Webster,2004
Douglas Kearney,2004
Anthony Opal,2025
Joanne Dominique Dwyer,2025
Daniel Halpern,1975
Vanessa Place,1998
Stephen Stepanchev,1918
Adam Kirsch,2006
Anna Maria Hong,2002
J. T. Barbarese,1978
Gwyneth Lewis,1989
David Caplan,1999
Michelle Boisseau,1985
Peter Spagnuolo,1992
Phillis Levin,1984
Seán Hewitt,2020
Sandra Beasley,2010
Robert Thomas,1998
Wilmer Mills,2025
Sadiqa de Meijer,2025
Philip Schultz,1975
David Orr,2004
George Kalogeris,1988
Maureen N. McLane,1997
Maram Al-Massri,1992
Ava Leavell Haymon,2025
Katerina Rudcenkova,2006
Stuart Mills,1970
Henry Parland,1938
Richard Brautigan,1965
Sherman Alexie,1996
Craig Arnold,1997
Tom Pickard,1976
Pierre Reverdy,1919
Mark Bibbins,1998
Tiffany Higgins,2018
Wong May,2025
Szilárd Borbély,1993
Hannah Sanghee Park,2025
Louise Glück,1973
Kathleen Ossip,2025
Emilia Phillips,1981
Adam Fitzgerald,2013
Christopher Middleton,1956
Mark Ford,1992
Maxine Chernoff,1982
Danniel Schoonebeek,2024
Larry Levis,1976
Julia Shipley,2018
Nance Van Winckel,1964
Sheila Black,2025
Gayle Danley,2025
Shailja Patel,2000
Wang Ping,1987
Myra Sklarew,1964
Liane Strauss,1901
Samiya Bashir,2024
Michael Earl Craig,2000
Najwan Darwish,2008
Ian Duhig,1984
Vievee Francis,2025
Tomaž Šalamun,1971
Rodrigo Toscano,1994
Farid Matuk,2025
Caroline Bergvall,1992
Harry Mathews,1960
Les Murray,1968
Dan Chelotti,1980
April Bernard,1986
Stephen Sturgeon,2025
Amanda Calderon,1992
Catherine Field,1994
Rowan Ricardo Phillips,2004
francine j. harris,2025
Arthur Vogelsang,1972
Kathryn Simmonds,2002
Colette Bryce,2025
Ruby Robinson,1952
Matthew Francis,1986
Hugo Williams,1972
Rory Waterman,2011
Sophie Collins,1989
David Wheatley,2000
Kathryn Maris,2001
John Greening,1984
Caleb Klaces,1990
Tim Wells,2006
Claire Trévien,2015
John Wilkinson,1983
Lev Oborin,1952
Shuzo Takiguchi,1933
Liu Xia,1991
Jerzy Ficowski,1954
Víctor Rodríguez Núñez,1985
Yves Bonnefoy,1953
Seán Ó Ríordáin,1946
Seán Ó Coileáin,1946
Abraham Sutzkever,1943
Tom Clark,1971
Darrel Alejandro Holnes,2025
Rachel Hadas,1978
Christopher Robley,2016
Wyatt Prunty,1977
John Rodriguez,2023
Jamila Woods,2019
Tara Betts,2025
Thomas Lux,1976
Peter Ciccariello,1986
Erika L. Sánchez,2014
Nico Vassilakis,1986
Lawrence Ferlinghetti,1949
Kathryn Starbuck,1974
Chen Chen,2019
Erez Bitton,1953
Stanley Plumly,1969
Stephen Dunn,1969
Helen Hajnoczky,2015
Rebecca Gayle Howell,2005
William Fuller,1983
Tyler Ford,1982
Nick Laird,2005
Dean Browne,2023
Ailbhe Darcy,2011
Cal Doyle,1967
Roisin Kelly,2025
Dave Lordan,1998
Declan Ryan,2025
Tara Bergin,2004
Aifric Mac Aodha,2009
Alan Gillis,1987
Martin Dyar,2016
Ciaran Berry,2001
John McAuliffe,1973
Michael McKimm,2013
Billy Ramsell,1993
Caoilinn Hughes,2025
Stephen Connolly,1972
Ailbhe Ní Ghearbhuigh,2014
Michelle O’Sullivan,2007
Paul Perry,2019
Miriam Gamble,2010
Guillaume Apollinaire,1910
Eleanor Hooker,1993
Corey Mesler,2025
Matt Hart,2025
Maceo J. Whitaker,1955
Catherine Staples,2008
Luis Chaves,1999
Primo Levi,1949
Susan Elizabeth Howe,1991
John Beer,1956
Charles Harper Webb,2025
Paula Cunningham,2025
Vona Groarke,2025
Lisa Grove,1982
Jaap Blonk,1973
Jeffrey Skinner,2025
Zaffar Kunial,2021
Simon Barraclough,2025
Helen Mort,2015
Daljit Nagra,1996
Robert Lax,1945
Safiya Sinclair,2014
Laren McClung,2025
Honorée Fanonne Jeffers,1997
Mary Morris,2007
Sarah Browning,2013
Joan Kane,2025
Eleanor Wilner,1967
Truth Thomas,2025
Stephen Derwent Partington,2025
Angélica Freitas,2003
LeConté Dill,2016
David Shapiro,1977
Gretchen Marquette,1980
Dante Micheaux,2025
James Reidel,2012
Felix Bernstein,1980
Alec Finlay,1955
Valerie Martínez,1991
Orlando Ricardo Menes,1988
Laurie Ann Guerrero,2025
Jennifer Bartlett,2025
Dominique Christina,2004
Bonny Cassidy,1971
Jaya Savige,2008
Cassie Lewis,1997
Robbie Coburn,2024
Claire Potter,2019
Amanda Joy,2006
Petra White,2005
Susan Fealy,2017
Ali Cobby Eckermann,1993
Michael Brennan,2003
Lisa Gorton,2002
Lionel G. Fogarty,1988
Heather Phillipson,2025
Sinéad Morrissey,2002
John Hodgen,1911
Luke Kennard,2011
Daniela Danz,2025
Francis Ponge,1929
John Maucere,2025
Noah Buchholz,2025
Jacques Darras,2025
Haji Khavari,2000
Miri Ben-Simhon,1980
Pierluigi Cappello,1997
Ernst Jandl,1955
Federico García Lorca,1928
René Magritte,1983
Julia Fiedorczuk,2005
Teresia Teaiwa,1998
Dan Taulapapa McMullin,1987
Donovan Kūhiō Colleps,2025
No‘u Revilla,2025
Lehua M. Taitano,2008
Brandy Nālani McDougall,2025
Hinemoana Baker,1998
Max Ritvo,2020
Jacob Polley,2005
Clark Moore,1809
Alfred Corn,1973
R.A. Villanueva,2025
Tina Boyer Brown,2025
Zilka Joseph,2025
Melissa Range,2025
Gary Barwin,1994
Diane Wakoski,1967
Henry Gould,2002
Patrick Cotter,1993
Kerri Webster,2001
Michael Symmons Roberts,1993
Calvin Forbes,1975
S.J. Fowler,2013
Lisa Gill,1986
Drew Swinger,2011
Clare Pollard,2008
Brendan Galvin,1968
Lawrence Joseph,1978
Benjamin Goldberg,2008
Liz Countryman,2025
Isabel Galleymore,2018
Leslie McGrath,1987
Ahren Warner,2016
Conor O'Callaghan,1998
Johnny Damm,1965
Elizabeth-Jane Burnett,2025
Kirill Medvedev,2005
giovanni singleton,1997
Jessy Randall,2002
Tommy Pico,2013
Jacob Shores-Argüello,2014
Iain Britton,2004
Honor Moore,1975
Diane Seuss,1986
Al Young,1969
Natalie Rose Richardson,2016
Malika Booker,2000
Yona Harvey,2004
Rachel Blau DuPlessis,1971
Samuel Ace,1992
Rodney Gomez,2025
Arthur Sze,1980
George Bowering,1965
Doug Anderson,1973
Danielle Chapman,2025
Momina Mela,2002
Yone Noguchi,1905
Ben Belitt,1941
Marnie Walsh,1989
Leonard E. Nathan,1954
Karma Larsen,1972
David Wagoner,1956
Kevin Griffith,2008
Janet McCann,2002
Edwin Gladding Burrows,1932
Ai,1977
Hayden Carruth,1951
Delmore Schwartz,1943
Grace Schulman,1965
Galway Kinnell,1957
James L. Dickey,1952
J. V. Cunningham,1941
Bruce Weigl,1979
Karl Shapiro,1943
W. D. Snodgrass,1956
Louis Simpson,1953
Michael S. Harper,1968
Mary Ann Hoberman,1960
William Matthews,1972
Bill Knott,1970
Richard Eberhart,1934
Amy Lowell,1904
Gary Soto,1982
Archibald MacLeish,1922
Donald Hall,1958
W. E. B. Du Bois,1898
Richard Wilbur,1951
Ellen Bryant Voigt,1973
Robert Hayden,1943
Louise Erdrich,1984
Richard Hugo,1953
William Meredith,1949
Robert Louis Stevenson,1880
Edgar Bowers,1954
Conrad Aiken,1919
Stephen Vincent Benét,1928
Susan Howe,1967
Hart Crane,1929
Agha Shahid Ali,1979
Theodore Roethke,1938
Irving Feldman,1958
Carl Dennis,1969
Stephen Dobyns,1971
David Ignatow,1944
Mary Jo Salter,1984
Babette Deutsch,1925
Daryl Hine,1966
Elizabeth Spires,1982
Louis Untermeyer,1915
John Updike,1962
Charles Wesley,1737
Matthew Arnold,1852
Anna Lætitia Barbauld,1773
Aphra Behn,1670
Ambrose Bierce,1872
William Lisle Bowles,1792
Anne Bradstreet,1642
Robert Burns,1789
Thomas Campion,1650
Thomas Carew,1670
Henry Carey,1717
Thomas Carlyle,1825
Lewis Carroll,1862
Phoebe Cary,1854
George Chapman,1664
Thomas Chatterton,1782
Lady Mary Chudleigh,1686
John Clare,1823
Arthur Hugh Clough,1849
Samuel Taylor Coleridge,1802
William Collins,1751
William Cowper,1761
George Crabbe,1784
Stephen Crane,1901
Richard Crashaw,1643
Daniel Defoe,1739
John Donne,1661
John Dryden,1661
Paul Laurence Dunbar,1902
T. S. Eliot,1918
Queen Elizabeth I,1633
Stephen C. Foster,1856
Oliver Goldsmith,1758
Thomas Gray,1746
Edgar Albert Guest,1911
Ernest M. Hemingway,1929
Oliver Wendell Holmes Sr.,1839
Thomas Hood,1829
Julia Ward Howe,1849
T. E. Hulme,1913
Leigh Hunt,1814
Samuel Johnson,1739
Ben Jonson,1667
John Keats,1825
Joyce Kilmer,1916
Charles Lamb,1805
Walter Savage Landor,1805
Richard Lovelace,1647
Andrew Marvell,1651
Lady Mary Wortley Montagu,1719
Susanna Moodie,1833
Thomas Moore,1809
Thomas Nashe,1631
Coventry Patmore,1853
Katherine Philips,1661
Marjorie Pickthall,1913
Alexander Pope,1718
James Whitcomb Riley,1879
Edwin Arlington Robinson,1899
Mary Robinson,1787
Dante Gabriel Rossetti,1858
Sir Walter Scott,1801
Charlotte Smith,1779
Robert Southwell SJ,2000
Trumbull Stickney,1904
Sir John Suckling,1639
Jonathan Swift,1697
Algernon Charles Swinburne,1867
J. M. Synge,1901
Ann Taylor,1812
James Thomson,1730
Thomas Traherne,1666
Henry Vaughan,1651
Edmund Waller,1636
John Greenleaf Whittier,1837
Oscar Wilde,1882
John Wilmot Earl of Rochester,1677
George Wither,1697
William Wordsworth,1800
Emma Lazarus,1879
James Clerk Maxwell,1861
Knight of the White Elephant of Burmah William McGonagall,1855
Charles Dickens,1842
Ralph Waldo Emerson,1833
Abraham Lincoln,1876
Robert Bridges,1874
Franklin Pierce Adams,1911
George Santayana,1893
Elinor Wylie,1915
Louise Imogen Guiney,1891
Philip Freneau,1782
Simon J. Ortiz,1971
George Elliott Clarke,1990
Lynn Crosbie,1993
Adelaide Crapsey,1908
Benjamin Franklin,1736
Sir Arthur Conan Doyle,1889
David Bottoms,1979
Gregory Corso,1960
Deborah Digges,1980
Angela Shaw,2002
Nancy McCleery,1963
Gloria g. Murray,1953
J. Lorraine Brown,1960
Leslie Monsour,1962
Margaret Fuller,1840
Sarah Helen Whitman,1833
James Wright,1957
Virginia Hamilton Adair,1943
Eva Gore-Booth,1900
Rhina P. Espaillat,1962
Robert Herrick,1704
James Weldon Johnson,1901
Shirley Geok-Lin Lim,1974
N. Scott Momaday,1964
Dudley Randall,1944
Amy Uyematsu,1977
Philip Appleman,1956
Marvin Bell,1967
B. H. Fairchild,1972
Hilaire Belloc,1900
Sophie Jewett,1891
Hugh MacDiarmid,1922
Marilyn Hacker,1972
Thomas Merton,1945
Pablo Antonio Cuadra,1942
Ernesto Cardenal,1955
Jonathan Galassi,1979
Brod Bagert,1977
J. J. Bell,1926
Phil Bolsta,1993
Eve Merriam,1946
Mother Goose,1836
Bobbi Katz,1996
R. T. Smith,1977
John Ciardi,1946
George Starbuck,1961
Constance Urdang,1958
Kenneth Slessor,1931
Dave Crawley,2012
Joan Horton,1992
Kenn Nesbitt,1992
Robert Pottle,2025
Neal Levin,2010
Linda Gregg,1972
Robert Bly,1956
Theodore Weiss,1946
Katherine Mansfield,1918
Andrew Hudgins,1981
Jimmy Santiago Baca,1982
John Berryman,1944
Alfred Noyes,1910
John Crowe Ransom,1918
Philip Larkin,1952
Diane Thiel,2025
John Fuller,1967
P. K. Page,1946
Thomas McGrath,1946
Emily Brontë,1848
Sarah Orne Jewett,1879
Samuel Menashe,1955
Christopher Smart,1752
Robert Penn Warren,1935
Basil Bunting,1930
Garrett Hongo,1981
Yvor Winters,1930
Margaret Atwood,1969
Kamau Brathwaite,1960
David Wojahn,1983
Timothy Steele,1978
John Haines,1962
Miguel Hernández,1940
Rodney Jones,1980
Edwin Markham,1882
Jack Prelutsky,1970
Bruce Smith,1976
John Logan,1953
David Kirby,1974
Ann Lauterbach,1972
Anne Caston,1988
John Engels,1961
Denis Johnson,1979
Lisa Olstein,2002
Walter McDonald,1964
Blas Manuel De Luna,2025
Richard Siken,1997
Susan Mitchell,1974
Gregory Djanikian,2025
Mary Barnard,1939
Richard Howard,1959
August Kleinzahler,1979
Robert Lowell,1947
Gjertrud Schnackenberg,1983
Ruth L. Schwartz,1992
George Bradley,1983
Seamus Heaney,1969
Geoffrey Hill,1962
Dannie Abse,1953
Julia Kasdorf,1992
Zbigniew Herbert,1954
James McKean,1993
Allen Tate,1929
Anne Carson,1980
Anna Swir,1939
Robert Fitzgerald,1940
Roberta Hill,1977
C. P. Cavafy,1893
Kobayashi Issa,1793
Basho,1674
William H. Dickey,1958
Michael Anania,1969
Robert Bringhurst,1976
Richard Emil Braun,1929
Albert Garcia,1997
Lita Hooper,1980
Alex Phillips,1981
Jeff Vande Zande,2025
Dale Ritterbusch,2002
Léonie Adams,1929
Christopher Chambers,2003
Sue Ellen Thompson,2010
Bill Holm,1973
Herbert Morris,1958
Floyd Skloot,1977
Lawrence Raab,1976
Dionisio D. Martínez,1986
Connie Deanovich,1990
Sarah Manguso,2004
Jason Schneiderman,2006
Pam Rehm,1997
Pablo Neruda,1934
Michael Waters,1979
Leonard Gontarek,2025
Robert Hershon,1966
Jeffrey McDaniel,1997
Martha Ronk,1970
Lance Larsen,1991
Susan Browne,1994
Michael Field,1876
Moira Egan,1994
Amber Flora Thomas,2015
Jane Whitledge,1956
Rick Snyder,1960
Ruth Moose,1987
Judith Kitchen,1964
Juliana Gray,2025
Czeslaw Milosz,1941
Robert West,1997
Roy Jacobstein,2013
Charles Bukowski,1950
Warren Woessner,1974
Ronald Johnson,1965
Joseph Stanton,1979
Steven Cordova,2025
Kim Noriega,2025
Mike White,1982
Joseph Ceravolo,1964
Anne Porter,1920
William Cole,1949
Lynda Hull,1984
Barry Goldensohn,1978
Anne Pierson Wiese,1994
Peter Dale Scott,1959
Anne Stevenson,1963
Kathleen Flenniken,1990
Todd Davis,2022
Primus St. John,2020
Bin Ramke,1977
Hilda Raz,1968
Leslie Scalapino,1974
Robin Becker,1981
Tennessee Williams,1941
John Lyly,1636
Odysseus Elytis,1941
Susan Griffin,1973
Thomas R. Smith,1978
Edmond Jabès,1942
Frank Stanford,1978
Henry Carlile,1964
Clarence Major,1966
Steven Orlen,1972
Jackson Wheeler,1962
Mary Wollstonecraft Shelley,1827
William Drummond of Hawthornden,1679
Helen Hunt Jackson,1860
Sidney Lanier,1872
Sir Edward Dyer,1637
Anne Killigrew,1690
Christopher Marlowe,1955
Arthur Gorges,1655
Solomon,2025
Rynn Williams,1992
William Cartwright,1641
John Dowland,1656
Giovanni Battista Guarini,1642
George Meredith,1858
Orlando Gibbons,1655
Patti Smith,1976
Frederick Goddard Tuckerman,1851
Fitz-Greene Halleck,1820
Philip Whalen,1953
Matthew Prior,1694
Thomas Randolph,1635
John Gay,1715
Gaius Petronius,57
Lady Grizel Baillie,1695
Joanna Baillie,1792
Martha Baird,1951
Mary Barber,1715
Louisa S. Bevington,1875
Susanna Blamire,1777
Mathilde Blind,1871
Catherine Cockburn,1709
Mary Elizabeth Coleridge,1891
Dinah Maria Craik,1856
Mary Carolyn Davies,1918
Sarah Dixon,1701
Dorothea Du Bois,1758
Lady Catherine Dyer,1635
Ephelia,1830
Catherine Maria Fanshawe,1795
Countess of Winchilsea Anne Finch,1691
Isaac Watts,1704
Thomas Lodge,1655
Æmilia Lanyer,1675
John Fletcher,1916
Abraham Cowley,1648
William Kloefkorn,1962
Lee McCarthy,1963
John Peck,1971
Peter Sacks,1980
Steven Huff,1984
Russell Edson,1958
Edward Dorn,1959
Diane Glancy,1971
Norman Williams,2004
R. S. Thomas,1943
Frank Steele,1981
Marin Sorescu,1966
Miroslav Holub,1953
Jonathan Holden,1971
Richard Hoffman,1967
Saadi Youssef,1964
Ellen Bass,1977
R. S. Gwynn,1978
Sharmila Voorakkara,2025
Norman Dubie,1975
George Seferis,1930
Jack Spicer,1955
Shirley Kaufman,1953
Veronica Patterson,1972
Cesare Pavese,1938
Berwyn Moore,1976
Neal Bowers,1978
George Arnold,1864
Marianne Moore,1917
Melissa Kwasny,2025
Gary Dop,2007
William Ernest Henley,1879
Thomas James,1976
Juan Ramón Jiménez,1911
Ben Lerner,2009
Oni Buchanan,2005
James Lenfestey,1978
Dan Chiasson,2001
Mark Young,2009
Cecil Touchon,1986
Susan Hutton,1998
Helen Maria Williams,1789
Helen Leigh,1848
Elizabeth Bentley,1797
Elizabeth Hands,1776
Hannah More,1775
Anna Seward,1772
Ann Yearsley,1783
Elizabeth Moody,1767
Amelia Opie,1799
Anna Dodsworth,1770
Charlotte Richardson,1825
Anne Hunter,1772
Jane Taylor,1813
Christian Milne,1803
Dorothy Wordsworth,1801
Mary Lamb,1805
Felicia Dorothea Hemans,1823
Conrad Hilberry,1958
José Angel Araguz,2013
Alice Cary,1850
Eliza Lee Follen,1872
Hannah F. Gould,1819
Lydia Huntley Sigourney,1821
Caroline Gilman,1824
Penina Moise,1827
Frances Anne Kemble,1839
Rebekah Gumpert Hyneman,1842
Frances Jane Crosby Van Alstyne,1850
Rose Terry Cooke,1857
Mary Mapes Dodge,1861
Elizabeth Akers Allen,1862
Sarah C. Woolsey,1858
Queen Lydia Kamakaeha Lili’uokalani,1838
Ina Coolbrith,1871
Eleanor Percy Lee,1849
Charlotte Anna Perkins Gilman,1890
Josephine Delphine Henderson Heard,1891
Emily Pauline Johnson,1891
Mary Weston Fordham,1873
Ella Higginson,1892
Carolyn Wells,1892
Elizabeth Alexander,1992
Chris Forhan,2025
Kathleen Fraser,1965
Sarah Louisa Forten,1844
Emily Wilson,2025
Adrian Blevins,1994
Cecilia Woloch,1986
Brian Culhane,2020
Richard Barnfield,1650
Mary Collier,1718
Sebastian Matthews,1995
Jupiter Hammon,1741
Warren Hastings,1762
Thomas Morris,1995
Mary Jones,1737
Thomas Middleton,1657
"Lord Edward, Lord Herbert of Cherbury",1678
Hartley Coleridge,1826
Henry David Thoreau,1847
William Barnes,1831
Jones Very,1843
Matthew Green,1726
Elizabeth Skurnick,2003
Robert Charles O’Hara Benjamin,1958
James Edwin Campbell,1897
Joseph Seamon Cotter Sr.,1891
Daniel Webster Davis,1892
Timothy Thomas Fortune,1886
Charlotte L. Forten Grimké,1867
Joseph Cephas Holly,2025
George Marion McClellan,1890
James Ephraim McGirt,1904
Adah Isaacs Menken,1865
Ann Plato,1853
Joshua McCarter Simpson,1850
Alfred Islay Walden,1877
James Monroe Whitfield,1852
Albery Allson Whitman,1881
J. D. McClatchy,1975
Mahmoud Darwish,1971
Kenneth Fearing,1932
Alice Moore Dunbar-Nelson,1905
Thulani Davis,1979
Jessie B. Rittenhouse,1899
Sir Ronald Ross,1887
Will Allen Dromgoole,1890
Elizabeth Lincoln Otis,1932
D. A. Ellsworth,1984
William Makepeace Thackeray,1841
Margaret Walker,1945
Colleen J. McElroy,1965
Carolyn M. Rodgers,1970
Anne Marie Macari,1985
Regan Huff,2025
Deborah Warren,1976
Joseph Stroud,1973
Coleman Barks,1967
Alexandra Teague,2025
Margaret Kaufman,2021
Chris Abani,1996
David Lee,1974
Tony Barnstone,1957
Kate Gale,1996
Judy Grahn,1970
Eloise Klein Healy,1973
Ernest Hilbert,2000
Sholeh Wolpé,1992
Terry Wolverton,1984
Wanda Coleman,1976
Amaud Jamaul Johnson,2002
E. Ethelbert Miller,1980
Kenneth Carroll,2001
William Waring Cuney,1936
Essex Hemphill,1987
Reb Livingston,2005
A. B. Spellman,1965
Jean Ingelow,1850
Mark Nickels,2010
Jack Collom,1961
Lyn Lifshin,1972
Lucille Lang Day,1977
Jeff Worley,2025
Lorenzo Thomas,1974
Léopold Sédar Senghor,1936
Rachel Zucker,2001
George Garrett,1959
Elizabeth Woody,1989
Wendy Rose,1978
Anita Endrezze,1982
Hershman John,1966
Nora Naranjo-Morse,1983
Ralph Salisbury,1956
Nora Marks Dauenhauer,1957
Ofelia Zepeda,1982
Sherwin Bitsui,2025
Margo Tamez,1992
Christopher Gilbert,1979
Henry Dumas,1964
Judith Goldman,1958
Bhanu Kapil,1998
Sabrina Orah Mark,2025
Lady Mary Wroth,1681
Susan Meyers,2001
Peter Cooley,1970
Benjamin S. Grossberg,2001
Tom Healy,1991
Lee Ann Roripaugh,1995
kari edwards,1984
Stacy Szymaszek,2025
Brenda Iijima,1974
Jeffrey Jullich,1977
Jennifer Scappettone,1960
Tod Marshall,1986
Paul Killebrew,1955
Myung Mi Kim,1987
Ana Božičević,2024
Patricia Frolander,1972
Louis Jenkins,1972
Meredith Holmes,1983
Daniel Bailey,2001
Nate Pritts,2024
Mei-mei Berssenbrugge,1977
Srikanth Reddy,2003
John Straley,1983
Edwin Torres,1988
Howard Moss,1952
Marilyn Kallet,1963
Mark Turcotte,1988
Laurence Hope,1957
Raúl Zurita,1980
Carl Little,2025
Etel Adnan,1955
George Albon,1981
Diana García,1980
Aharon Shabtai,1969
Qwo-Li Driskill,2025
Kimberly Blaeser,1985
Cheryl Savageau,1980
Gerald Vizenor,1964
Allison Titus,2025
James Joyce,1912
Richard Aldington,1922
Edith Sitwell,1917
Jean Blewett,1892
Countee Cullen,1933
William Faulkner,1927
Walter Clyde Curry,1917
Jonathan David,1959
Donald (Grady) Davidson,1923
Liz Rosenberg,1985
Mark Smith-Soto,1978
Dobby Gibson,2000
Leslie Adrienne Miller,1986
Jason Shinder,1985
Nick Lantz,2025
Kevin Goodan,2025
Rachel Wetzsteon,1997
Henry Taylor,1972
Brian Turner,1974
Stephen Behrendt,1977
Helen Hoyt,1917
Ludvig Holstein,2023
Malcolm Cowley,1928
Pierre Martory,1950
Theodore Deppe,2025
Hans Magnus Enzensberger,1959
Robert Gernhardt,1967
Sarah Kirsch,1965
Barbara Köhler,1989
Oskar Pastior,1957
Joachim Sartorius,2025
Henry M. Seiden,1986
Kevin Cantwell,2009
Dennis O'Driscoll,1984
Jack Stewart,2011
David Schloss,1974
Maria Terrone,2025
Jacques Réda,1959
John Talbot,2000
Jennifer O'Grady,2001
Jason Gray,2002
Michael Steffen,1990
Philip Gross,1982
Greg Sellers,1988
Tom Disch,1970
Bill Sweeney,1988
Robert Fanning,2018
Bruce F. Murphy,1979
Steven Cramer,1983
William Walden,1989
Christopher Logue,1956
Piotr Sommer,1978
Brian Barker,2012
Rex Wilder,2013
Dabney Stuart,1967
Katherine Larson,2025
Bill Coyle,2025
Giovanni Pascoli,1885
R. Parthasarathy,1964
Rainer Maria Rilke,1905
Hadrian,2017
Rebecca Hoogs,2025
Kathleen Lynch,1941
Reginald O'Hare Gibson,1973
BJ Ward,1997
Pierre Corneille,1636
Lucas Howell,1951
Laura Newbern,2013
Medbh McGuckian,1980
Steven Heighton,1991
Coral Bracho,1981
Ina Rousseau,1963
Jin Eun-Young,2000
Maurice Manning,1996
Mary Kinzie,1958
Vinda Karandikar,1948
Elfriede Jelinek,1976
Peter Campion,2006
Neil Fischer,1954
Siobhán Campbell,1992
Raffaello Baldini,1954
Franco Fortini,1947
Alda Merini,1961
Patrizia Cavalli,1977
Milo De Angelis,1981
Antonella Anedda,1985
Valerio Magrelli,1987
Fabio Pusterla,1987
Patrizia Valduga,1983
Franco Buffoni,1978
William Johnson,2010
Larissa Szporluk,2025
Molly McQuade,2025
János Pilinszky,1951
Karl Kirchwey,1986
Håkan Sandell,1992
Yannis Ritsos,1939
Jean Follain,1933
Ho Xuan Huong,1802
Takashi Hiraide,1980
Waldo Williams,1934
Giacomo Leopardi,1828
Marko Vesović,1975
César Vallejo,1922
Ramón López Velarde,1918
Annette M'Baye,1956
Tomas Venclova,1967
Pura López-Colomé,1982
Avot Yeshurun,1934
Natan Zach,1960
Yvonne Zipter,2025
Seth Abramson,2006
Philip White,1981
Cathy Park Hong,2025
Harry Clifton,1982
Glyn Maxwell,1992
Todd Hearon,1998
Robin Behn,1988
Stephen O’connor,1993
Leila Wilson,1962
Eric Ekstrand,2025
Jill Osier,2025
mIEKAL aND,1986
K. S. Ernst,1976
Jesse Patrick Ferguson,2025
Scott Helmes,1976
Gustave Morin,1983
Philip Gallo,1991
Michael Basinski,1980
Joan Houlihan,2008
Michael Rutherglen,2005
Alison Stine,2025
Peter Munro,1983
Dan Stryk,1954
Kevin C. Powers,2010
Rhoda Janzen,2025
Sarah Barber,2018
Aaron Poochigian,2003
Mark Wunderlich,1998
Dave Lucas,2010
Hester Knibbe,1976
Chika Sagawa,1941
Yoel Hoffmann,1967
Dahlia Ravikovitch,1966
Yang Lian,1985
Göran Sonnevi,1969
Günter Eich,1937
Álvaro de Campos,1920
Jules Supervielle,1914
Mirza Asadullah Khan Ghalib,1827
Patrick Dubost,1996
Salwa Al-Neimi,2025
Víctor Terán,1962
Biddy Jenkinson,1979
Friedrich Hölderlin,1800
Inger Christensen,1965
Timothy Murphy,1981
John Poch,1996
Richard Lehnert,1988
Elisabeth Eybers,1945
Robyn Sarah,1979
Jason Labbe,2001
Jordan Davis,2000
Mel Nichols,1961
Nada Gordon,1994
Robert Fitterman,2025
Kenneth Goldsmith,1991
Christian Bök,1996
Belle Randall,2016
Don Paterson,1993
Colin Cheney,2008
A. V. Christie,1993
Kevin Prufer,1999
William Hathaway,1974
Chloe Honum,2011
Joseph Spece,1996
Patty Seyburn,2025
Sam Willetts,1992
Dorothea Grossman,1967
Gisela Kraft,1966
Lavinia Greenlaw,1992
Carlo Betocchi,1929
Robert P. Baird,2020
Attilio Bertolucci,1941
Talvikki Ansel,2025
Jeramy Dodds,2004
Christopher Shannon,2011
Brooklyn Copeland,1959
James Merrill,1956
Lydia Maria Child,1832
Eugene Field,1880
Clement Clarke Moore,1809
Anne Brontë,1850
Charlotte Brontë,1847
John Bunyan,1658
Mark Twain,1865
Charles Tomlinson,1957
Aileen Lucia Fisher,1936
Ralph Bergengren,1895
Harry Graham,1904
Constance Levy,1961
Kalli Dakos,1980
Sarah Josepha Hale,1818
Frank Asch,1976
Lilian Moore,1939
George Eliot,1849
Barbara Howes,1944
Grace Hazard Conkling,1908
Helen Dudley,2025
William Vaughn Moody,1899
Lily A. Long,1892
Charles Hanson Towne,1907
Schuyler Van Rensselaer,1819
Margaret Widdemer,1914
Carole Bernstein,2018
Ann Snodgrass,1956
Paul Zimmer,1964
Robert B. Shaw,1977
Maudelle Driskell,2006
Judith Kroll,2016
Richard Tillinghast,1970
John Hazard,1992
Hugh Seidman,1970
Susan Hahn,1971
Marie-Claire Bancquart,1962
Charles Juliet,1964
Jacques Roubaud,1962
Jeffrey Greene,1989
Robert Pack,1959
George Scarbrough,1945
Eric Nelson,2025
Paulann Petersen,1972
Deirdre O'Connor,1993
James Scruton,2025
Catherine Sasanov,2013
Chris Green,1978
Francesca Abbate,2025
Rich Murphy,1981
Sharon Bryan,1973
Ellen Hinsey,1990
Mary Oliver,1965
Alissa Valles,1954
Mark Defoe,1985
John Surowiecki,2001
Daniel Groves,1995
Susan Kinsolving,2025
Roger Mitchell,1965
Paul Grant,1973
Jeanne Murray Walker,1974
Lynn Powell,1962
Alison Pelegrin,2025
Ethan Stebbins,2025
Mike Chasar,1993
Kevin A. González,2019
Dylan Thomas,1944
Jim Carroll,1979
Lew R. Sarett,1918
Merrill Moore,1933
Witter Bynner,1911
George H. Dillon,1985
John Wheelwright,1927
R. P. Blackmur,1934
William Jay Smith,1948
Horace,-35
